dataset,alpha,algo,seed,chicken_violations,kernel_count,heuristic_violations,total_violations,chicken_ms,heuristic_ms
Bitcoin,1.00,gaia,2,0,1,652,652,229,419
Bitcoin,1.00,gaia,10,0,1,641,641,229,468
Bitcoin,1.00,gaia,6,0,1,641,641,229,492
Bitcoin,1.00,gaia,8,0,1,644,644,229,504
Bitcoin,1.00,gaia,5,0,1,656,656,229,518
Bitcoin,1.00,gaia,3,0,1,654,654,229,557
Bitcoin,1.00,gaia,7,0,1,684,684,229,588
Bitcoin,1.00,gaia,4,0,1,651,651,229,595
Bitcoin,1.00,gaia,9,0,1,653,653,229,638
Bitcoin,1.00,gaia,1,0,1,651,651,229,663
Bitcoin,1.00,gaia,13,0,1,649,649,229,367
Bitcoin,1.00,gaia,18,0,1,649,649,229,299
Bitcoin,1.00,gaia,11,0,1,680,680,229,624
Bitcoin,1.00,gaia,15,0,1,641,641,229,670
Bitcoin,1.00,gaia,16,0,1,664,664,229,652
Bitcoin,1.00,gaia,12,0,1,639,639,229,737
Bitcoin,1.00,gaia,14,0,1,659,659,229,777
Bitcoin,1.00,gaia,17,0,1,643,643,229,706
Bitcoin,1.00,gaia,20,0,1,642,642,229,692
Bitcoin,1.00,gaia,19,0,1,639,639,229,726
Bitcoin,1.00,gaia,24,0,1,671,671,229,291
Bitcoin,1.00,gaia,21,0,1,684,684,229,632
Bitcoin,1.00,gaia,22,0,1,639,639,229,656
Bitcoin,1.00,gaia,30,0,1,672,672,229,333
Bitcoin,1.00,gaia,23,0,1,648,648,229,673
Bitcoin,1.00,gaia,29,0,1,680,680,229,366
Bitcoin,1.00,gaia,27,0,1,641,641,229,525
Bitcoin,1.00,gaia,26,0,1,652,652,229,611
Bitcoin,1.00,gaia,25,0,1,645,645,229,656
Bitcoin,1.00,gaia,28,0,1,672,672,229,573
Bitcoin,1.00,gaia,32,0,1,645,645,229,465
Bitcoin,1.00,gaia,38,0,1,713,713,229,290
Bitcoin,1.00,gaia,33,0,1,645,645,229,587
Bitcoin,1.00,gaia,36,0,1,647,647,229,420
Bitcoin,1.00,gaia,34,0,1,681,681,229,440
Bitcoin,1.00,gaia,35,0,1,646,646,229,495
Bitcoin,1.00,gaia,37,0,1,644,644,229,504
Bitcoin,1.00,gaia,41,0,1,652,652,229,433
Bitcoin,1.00,gaia,39,0,1,644,644,229,619
Bitcoin,1.00,gaia,40,0,1,648,648,229,624
Bitcoin,1.00,gaia,31,0,1,643,643,229,1068
Bitcoin,1.00,gaia,45,0,1,644,644,229,416
Bitcoin,1.00,gaia,44,0,1,643,643,229,467
Bitcoin,1.00,gaia,43,0,1,651,651,229,607
Bitcoin,1.00,gaia,47,0,1,652,652,229,491
Bitcoin,1.00,gaia,48,0,1,669,669,229,467
Bitcoin,1.00,gaia,46,0,1,673,673,229,705
Bitcoin,1.00,gaia,50,0,1,650,650,229,533
Bitcoin,1.00,gaia,42,0,1,660,660,229,1042
Bitcoin,1.00,venus,1,0,1,659,659,229,639
Bitcoin,1.00,venus,2,0,1,644,644,229,653
Bitcoin,1.00,gaia,49,0,1,672,672,229,747
Bitcoin,1.00,venus,6,0,1,626,626,229,641
Bitcoin,1.00,venus,3,0,1,633,633,229,978
Bitcoin,1.00,venus,7,0,1,658,658,229,897
Bitcoin,1.00,venus,5,0,1,639,639,229,1021
Bitcoin,1.00,venus,9,0,1,656,656,229,730
Bitcoin,1.00,venus,12,0,1,664,664,229,700
Bitcoin,1.00,venus,10,0,1,660,660,229,844
Bitcoin,1.00,venus,4,0,1,627,627,229,1322
Bitcoin,1.00,venus,8,0,1,638,638,229,1185
Bitcoin,1.00,venus,14,0,1,651,651,229,658
Bitcoin,1.00,venus,11,0,1,632,632,229,1157
Bitcoin,1.00,venus,17,0,1,635,635,229,603
Bitcoin,1.00,venus,13,0,1,635,635,229,1023
Bitcoin,1.00,venus,16,0,1,658,658,229,713
Bitcoin,1.00,venus,19,0,1,625,625,229,551
Bitcoin,1.00,venus,15,0,1,636,636,229,817
Bitcoin,1.00,venus,20,0,1,631,631,229,731
Bitcoin,1.00,venus,18,0,1,661,661,229,874
Bitcoin,1.00,venus,21,0,1,626,626,229,708
Bitcoin,1.00,venus,24,0,1,652,652,229,649
Bitcoin,1.00,venus,26,0,1,637,637,229,609
Bitcoin,1.00,venus,25,0,1,655,655,229,810
Bitcoin,1.00,venus,22,0,1,640,640,229,1145
Bitcoin,1.00,venus,30,0,1,665,665,229,587
Bitcoin,1.00,venus,27,0,1,640,640,229,811
Bitcoin,1.00,venus,29,0,1,639,639,229,654
Bitcoin,1.00,venus,23,0,1,638,638,229,1096
Bitcoin,1.00,venus,28,0,1,655,655,229,1001
Bitcoin,1.00,venus,31,0,1,635,635,229,810
Bitcoin,1.00,venus,32,0,1,666,666,229,791
Bitcoin,1.00,venus,37,0,1,635,635,229,635
Bitcoin,1.00,venus,39,0,1,626,626,229,565
Bitcoin,1.00,venus,33,0,1,642,642,229,905
Bitcoin,1.00,venus,36,0,1,631,631,229,778
Bitcoin,1.00,venus,38,0,1,658,658,229,726
Bitcoin,1.00,venus,34,0,1,653,653,229,872
Bitcoin,1.00,venus,35,0,1,650,650,229,930
Bitcoin,1.00,venus,40,0,1,632,632,229,860
Bitcoin,1.00,venus,41,0,1,638,638,229,776
Bitcoin,1.00,venus,44,0,1,656,656,229,597
Bitcoin,1.00,venus,47,0,1,647,647,229,537
Bitcoin,1.00,venus,45,0,1,665,665,229,661
Bitcoin,1.00,venus,42,0,1,648,648,229,788
Bitcoin,1.00,venus,46,0,1,632,632,229,638
Bitcoin,1.00,venus,43,0,1,653,653,229,813
Bitcoin,1.00,venus,49,0,1,635,635,229,665
Bitcoin,1.00,venus,48,0,1,638,638,229,898
Bitcoin,1.00,venus,50,0,1,638,638,229,693
Bitcoin,0.90,gaia,9,172,1,443,615,258,162
Bitcoin,0.90,gaia,1,172,1,447,619,258,230
Bitcoin,0.90,gaia,2,172,1,469,641,258,257
Bitcoin,0.90,gaia,10,172,1,436,608,258,302
Bitcoin,0.90,gaia,8,172,1,502,674,258,333
Bitcoin,0.90,gaia,7,172,1,448,620,258,356
Bitcoin,0.90,gaia,6,172,1,430,602,258,380
Bitcoin,0.90,gaia,4,172,1,437,609,258,387
Bitcoin,0.90,gaia,11,172,1,431,603,258,260
Bitcoin,0.90,gaia,3,172,1,428,600,258,439
Bitcoin,0.90,gaia,18,172,1,444,616,258,199
Bitcoin,0.90,gaia,13,172,1,429,601,258,336
Bitcoin,0.90,gaia,16,172,1,434,606,258,246
Bitcoin,0.90,gaia,15,172,1,452,624,258,278
Bitcoin,0.90,gaia,14,172,1,456,628,258,309
Bitcoin,0.90,gaia,17,172,1,445,617,258,270
Bitcoin,0.90,gaia,19,172,1,494,666,258,226
Bitcoin,0.90,gaia,20,172,1,443,615,258,250
Bitcoin,0.90,gaia,12,172,1,433,605,258,474
Bitcoin,0.90,gaia,21,172,1,452,624,258,257
Bitcoin,0.90,gaia,5,172,1,442,614,258,884
Bitcoin,0.90,gaia,25,172,1,443,615,258,275
Bitcoin,0.90,gaia,24,172,1,445,617,258,330
Bitcoin,0.90,gaia,23,172,1,439,611,258,345
Bitcoin,0.90,gaia,29,172,1,448,620,258,279
Bitcoin,0.90,gaia,28,172,1,447,619,258,303
Bitcoin,0.90,gaia,27,172,1,425,597,258,387
Bitcoin,0.90,gaia,26,172,1,452,624,258,389
Bitcoin,0.90,gaia,30,172,1,432,604,258,324
Bitcoin,0.90,gaia,22,172,1,438,610,258,609
Bitcoin,0.90,gaia,31,172,1,437,609,258,406
Bitcoin,0.90,gaia,38,172,1,450,622,258,312
Bitcoin,0.90,gaia,36,172,1,447,619,258,376
Bitcoin,0.90,gaia,34,172,1,432,604,258,424
Bitcoin,0.90,gaia,33,172,1,442,614,258,437
Bitcoin,0.90,gaia,35,172,1,447,619,258,438
Bitcoin,0.90,gaia,32,172,1,438,610,258,541
Bitcoin,0.90,gaia,37,172,1,416,588,258,400
Bitcoin,0.90,gaia,40,172,1,467,639,258,374
Bitcoin,0.90,gaia,43,172,1,446,618,258,237
Bitcoin,0.90,gaia,48,172,1,434,606,258,189
Bitcoin,0.90,gaia,39,172,1,419,591,258,482
Bitcoin,0.90,gaia,44,172,1,442,614,258,289
Bitcoin,0.90,gaia,42,172,1,448,620,258,327
Bitcoin,0.90,gaia,45,172,1,441,613,258,306
Bitcoin,0.90,gaia,47,172,1,430,602,258,262
Bitcoin,0.90,gaia,46,172,1,433,605,258,284
Bitcoin,0.90,gaia,41,172,1,438,610,258,461
Bitcoin,0.90,gaia,49,172,1,431,603,258,240
Bitcoin,0.90,gaia,50,172,1,443,615,258,281
Bitcoin,0.90,venus,2,172,1,418,590,258,274
Bitcoin,0.90,venus,3,172,1,431,603,258,303
Bitcoin,0.90,venus,1,172,1,425,597,258,423
Bitcoin,0.90,venus,6,172,1,420,592,258,385
Bitcoin,0.90,venus,8,172,1,423,595,258,350
Bitcoin,0.90,venus,5,172,1,426,598,258,434
Bitcoin,0.90,venus,7,172,1,431,603,258,495
Bitcoin,0.90,venus,4,172,1,422,594,258,544
Bitcoin,0.90,venus,10,172,1,423,595,258,374
Bitcoin,0.90,venus,9,172,1,414,586,258,483
Bitcoin,0.90,venus,12,172,1,431,603,258,382
Bitcoin,0.90,venus,11,172,1,404,576,258,475
Bitcoin,0.90,venus,14,172,1,431,603,258,451
Bitcoin,0.90,venus,13,172,1,423,595,258,490
Bitcoin,0.90,venus,16,172,1,444,616,258,432
Bitcoin,0.90,venus,19,172,1,411,583,258,355
Bitcoin,0.90,venus,20,172,1,423,595,258,329
Bitcoin,0.90,venus,15,172,1,428,600,258,538
Bitcoin,0.90,venus,17,172,1,428,600,258,480
Bitcoin,0.90,venus,18,172,1,434,606,258,463
Bitcoin,0.90,venus,22,172,1,441,613,258,334
Bitcoin,0.90,venus,21,172,1,426,598,258,468
Bitcoin,0.90,venus,25,172,1,410,582,258,415
Bitcoin,0.90,venus,23,172,1,437,609,258,450
Bitcoin,0.90,venus,24,172,1,436,608,258,465
Bitcoin,0.90,venus,27,172,1,431,603,258,449
Bitcoin,0.90,venus,26,172,1,425,597,258,466
Bitcoin,0.90,venus,31,172,1,432,604,258,407
Bitcoin,0.90,venus,28,172,1,435,607,258,508
Bitcoin,0.90,venus,30,172,1,409,581,258,468
Bitcoin,0.90,venus,32,172,1,426,598,258,385
Bitcoin,0.90,venus,29,172,1,421,593,258,663
Bitcoin,0.90,venus,34,172,1,429,601,258,446
Bitcoin,0.90,venus,33,172,1,431,603,258,484
Bitcoin,0.90,venus,36,172,1,426,598,258,406
Bitcoin,0.90,venus,40,172,1,434,606,258,373
Bitcoin,0.90,venus,35,172,1,412,584,258,566
Bitcoin,0.90,venus,39,172,1,431,603,258,453
Bitcoin,0.90,venus,41,172,1,428,600,258,455
Bitcoin,0.90,venus,42,172,1,433,605,258,381
Bitcoin,0.90,venus,38,172,1,417,589,258,610
Bitcoin,0.90,venus,43,172,1,422,594,258,402
Bitcoin,0.90,venus,45,172,1,426,598,258,362
Bitcoin,0.90,venus,37,172,1,422,594,258,795
Bitcoin,0.90,venus,47,172,1,441,613,258,336
Bitcoin,0.90,venus,48,172,1,430,602,258,311
Bitcoin,0.90,venus,44,172,1,442,614,258,473
Bitcoin,0.90,venus,46,172,1,414,586,258,451
Bitcoin,0.90,venus,49,172,1,414,586,258,337
Bitcoin,0.90,venus,50,172,1,430,602,258,437
Bitcoin,0.80,gaia,1,426,1,217,643,263,65
Bitcoin,0.80,gaia,10,426,1,208,634,263,71
Bitcoin,0.80,gaia,3,426,1,225,651,263,100
Bitcoin,0.80,gaia,7,426,1,197,623,263,114
Bitcoin,0.80,gaia,9,426,1,200,626,263,128
Bitcoin,0.80,gaia,11,426,1,203,629,263,79
Bitcoin,0.80,gaia,2,426,1,191,617,263,155
Bitcoin,0.80,gaia,5,426,1,199,625,263,158
Bitcoin,0.80,gaia,4,426,1,195,621,263,163
Bitcoin,0.80,gaia,6,426,1,204,630,263,166
Bitcoin,0.80,gaia,14,426,1,209,635,263,109
Bitcoin,0.80,gaia,17,426,1,198,624,263,81
Bitcoin,0.80,gaia,13,426,1,201,627,263,137
Bitcoin,0.80,gaia,16,426,1,204,630,263,103
Bitcoin,0.80,gaia,18,426,1,225,651,263,113
Bitcoin,0.80,gaia,8,426,1,197,623,263,273
Bitcoin,0.80,gaia,19,426,1,210,636,263,114
Bitcoin,0.80,gaia,20,426,1,200,626,263,128
Bitcoin,0.80,gaia,12,426,1,207,633,263,228
Bitcoin,0.80,gaia,15,426,1,208,634,263,176
Bitcoin,0.80,gaia,24,426,1,222,648,263,112
Bitcoin,0.80,gaia,21,426,1,213,639,263,142
Bitcoin,0.80,gaia,29,426,1,204,630,263,69
Bitcoin,0.80,gaia,23,426,1,201,627,263,154
Bitcoin,0.80,gaia,27,426,1,206,632,263,120
Bitcoin,0.80,gaia,22,426,1,223,649,263,170
Bitcoin,0.80,gaia,28,426,1,226,652,263,126
Bitcoin,0.80,gaia,26,426,1,206,632,263,165
Bitcoin,0.80,gaia,25,426,1,206,632,263,179
Bitcoin,0.80,gaia,30,426,1,224,650,263,146
Bitcoin,0.80,gaia,34,426,1,214,640,263,96
Bitcoin,0.80,gaia,31,426,1,187,613,263,141
Bitcoin,0.80,gaia,33,426,1,206,632,263,167
Bitcoin,0.80,gaia,32,426,1,211,637,263,171
Bitcoin,0.80,gaia,35,426,1,212,638,263,160
Bitcoin,0.80,gaia,37,426,1,198,624,263,136
Bitcoin,0.80,gaia,39,426,1,206,632,263,110
Bitcoin,0.80,gaia,41,426,1,205,631,263,82
Bitcoin,0.80,gaia,38,426,1,212,638,263,139
Bitcoin,0.80,gaia,43,426,1,256,682,263,66
Bitcoin,0.80,gaia,44,426,1,200,626,263,86
Bitcoin,0.80,gaia,45,426,1,211,637,263,76
Bitcoin,0.80,gaia,40,426,1,207,633,263,192
Bitcoin,0.80,gaia,46,426,1,188,614,263,103
Bitcoin,0.80,gaia,36,426,1,199,625,263,260
Bitcoin,0.80,gaia,47,426,1,206,632,263,138
Bitcoin,0.80,gaia,48,426,1,222,648,263,133
Bitcoin,0.80,gaia,50,426,1,206,632,263,117
Bitcoin,0.80,gaia,49,426,1,213,639,263,184
Bitcoin,0.80,gaia,42,426,1,200,626,263,280
Bitcoin,0.80,venus,2,426,1,206,632,263,173
Bitcoin,0.80,venus,5,426,1,196,622,263,168
Bitcoin,0.80,venus,4,426,1,230,656,263,203
Bitcoin,0.80,venus,1,426,1,197,623,263,255
Bitcoin,0.80,venus,3,426,1,194,620,263,264
Bitcoin,0.80,venus,8,426,1,188,614,263,192
Bitcoin,0.80,venus,6,426,1,202,628,263,214
Bitcoin,0.80,venus,7,426,1,196,622,263,231
Bitcoin,0.80,venus,10,426,1,205,631,263,165
Bitcoin,0.80,venus,9,426,1,190,616,263,239
Bitcoin,0.80,venus,11,426,1,190,616,263,198
Bitcoin,0.80,venus,12,426,1,211,637,263,191
Bitcoin,0.80,venus,13,426,1,203,629,263,177
Bitcoin,0.80,venus,17,426,1,211,637,263,145
Bitcoin,0.80,venus,14,426,1,201,627,263,183
Bitcoin,0.80,venus,16,426,1,209,635,263,169
Bitcoin,0.80,venus,18,426,1,192,618,263,216
Bitcoin,0.80,venus,20,426,1,200,626,263,177
Bitcoin,0.80,venus,19,426,1,198,624,263,244
Bitcoin,0.80,venus,23,426,1,220,646,263,163
Bitcoin,0.80,venus,15,426,1,202,628,263,300
Bitcoin,0.80,venus,24,426,1,195,621,263,166
Bitcoin,0.80,venus,22,426,1,211,637,263,207
Bitcoin,0.80,venus,25,426,1,202,628,263,182
Bitcoin,0.80,venus,21,426,1,189,615,263,255
Bitcoin,0.80,venus,26,426,1,195,621,263,179
Bitcoin,0.80,venus,27,426,1,200,626,263,160
Bitcoin,0.80,venus,30,426,1,205,631,263,159
Bitcoin,0.80,venus,33,426,1,199,625,263,146
Bitcoin,0.80,venus,29,426,1,195,621,263,216
Bitcoin,0.80,venus,36,426,1,219,645,263,151
Bitcoin,0.80,venus,31,426,1,221,647,263,212
Bitcoin,0.80,venus,28,426,1,196,622,263,248
Bitcoin,0.80,venus,35,426,1,215,641,263,171
Bitcoin,0.80,venus,34,426,1,209,635,263,265
Bitcoin,0.80,venus,32,426,1,186,612,263,289
Bitcoin,0.80,venus,37,426,1,208,634,263,199
Bitcoin,0.80,venus,38,426,1,211,637,263,173
Bitcoin,0.80,venus,39,426,1,198,624,263,172
Bitcoin,0.80,venus,44,426,1,194,620,263,150
Bitcoin,0.80,venus,42,426,1,189,615,263,174
Bitcoin,0.80,venus,41,426,1,210,636,263,184
Bitcoin,0.80,venus,40,426,1,196,622,263,207
Bitcoin,0.80,venus,43,426,1,195,621,263,211
Bitcoin,0.80,venus,47,426,1,185,611,263,135
Bitcoin,0.80,venus,45,426,1,204,630,263,150
Bitcoin,0.80,venus,49,426,1,203,629,263,134
Bitcoin,0.80,venus,46,426,1,222,648,263,186
Bitcoin,0.80,venus,48,426,1,191,617,263,162
Bitcoin,0.80,venus,50,426,1,206,632,263,130
Bitcoin,0.70,gaia,7,621,1,42,663,237,24
Bitcoin,0.70,gaia,6,621,1,39,660,237,22
Bitcoin,0.70,gaia,5,621,1,33,654,237,25
Bitcoin,0.70,gaia,4,621,1,44,665,237,30
Bitcoin,0.70,gaia,9,621,1,40,661,237,28
Bitcoin,0.70,gaia,10,621,1,49,670,237,29
Bitcoin,0.70,gaia,2,621,1,47,668,237,34
Bitcoin,0.70,gaia,1,621,1,38,659,237,39
Bitcoin,0.70,gaia,3,621,1,44,665,237,42
Bitcoin,0.70,gaia,12,621,1,43,664,237,17
Bitcoin,0.70,gaia,14,621,1,50,671,237,15
Bitcoin,0.70,gaia,11,621,1,43,664,237,23
Bitcoin,0.70,gaia,13,621,1,47,668,237,22
Bitcoin,0.70,gaia,16,621,1,42,663,237,18
Bitcoin,0.70,gaia,15,621,1,37,658,237,20
Bitcoin,0.70,gaia,8,621,1,37,658,237,53
Bitcoin,0.70,gaia,18,621,1,44,665,237,17
Bitcoin,0.70,gaia,20,621,1,43,664,237,17
Bitcoin,0.70,gaia,21,621,1,46,667,237,19
Bitcoin,0.70,gaia,23,621,1,48,669,237,20
Bitcoin,0.70,gaia,17,621,1,43,664,237,34
Bitcoin,0.70,gaia,22,621,1,50,671,237,22
Bitcoin,0.70,gaia,26,621,1,50,671,237,16
Bitcoin,0.70,gaia,24,621,1,53,674,237,24
Bitcoin,0.70,gaia,19,621,1,42,663,237,33
Bitcoin,0.70,gaia,25,621,1,41,662,237,27
Bitcoin,0.70,gaia,28,621,1,41,662,237,28
Bitcoin,0.70,gaia,35,621,1,42,663,237,16
Bitcoin,0.70,gaia,27,621,1,40,661,237,37
Bitcoin,0.70,gaia,31,621,1,39,660,237,25
Bitcoin,0.70,gaia,30,621,1,35,656,237,28
Bitcoin,0.70,gaia,32,621,1,42,663,237,28
Bitcoin,0.70,gaia,34,621,1,44,665,237,24
Bitcoin,0.70,gaia,36,621,1,54,675,237,22
Bitcoin,0.70,gaia,38,621,1,53,674,237,26
Bitcoin,0.70,gaia,29,621,1,41,662,237,53
Bitcoin,0.70,gaia,41,621,1,48,669,237,22
Bitcoin,0.70,gaia,33,621,1,35,656,237,47
Bitcoin,0.70,gaia,39,621,1,41,662,237,25
Bitcoin,0.70,gaia,42,621,1,48,669,237,21
Bitcoin,0.70,gaia,37,621,1,45,666,237,34
Bitcoin,0.70,gaia,44,621,1,42,663,237,21
Bitcoin,0.70,gaia,40,621,1,36,657,237,36
Bitcoin,0.70,gaia,45,621,1,48,669,237,17
Bitcoin,0.70,gaia,46,621,1,40,661,237,20
Bitcoin,0.70,gaia,43,621,1,45,666,237,42
Bitcoin,0.70,gaia,50,621,1,45,666,237,24
Bitcoin,0.70,gaia,49,621,1,49,670,237,25
Bitcoin,0.70,gaia,47,621,1,37,658,237,28
Bitcoin,0.70,gaia,48,621,1,43,664,237,32
Bitcoin,0.70,venus,2,621,1,38,659,237,49
Bitcoin,0.70,venus,1,621,1,37,658,237,54
Bitcoin,0.70,venus,4,621,1,35,656,237,53
Bitcoin,0.70,venus,7,621,1,42,663,237,44
Bitcoin,0.70,venus,9,621,1,39,660,237,46
Bitcoin,0.70,venus,10,621,1,40,661,237,41
Bitcoin,0.70,venus,3,621,1,41,662,237,62
Bitcoin,0.70,venus,5,621,1,38,659,237,57
Bitcoin,0.70,venus,8,621,1,44,665,237,61
Bitcoin,0.70,venus,6,621,1,44,665,237,70
Bitcoin,0.70,venus,12,621,1,37,658,237,51
Bitcoin,0.70,venus,16,621,1,37,658,237,40
Bitcoin,0.70,venus,18,621,1,43,664,237,39
Bitcoin,0.70,venus,11,621,1,42,663,237,62
Bitcoin,0.70,venus,14,621,1,36,657,237,47
Bitcoin,0.70,venus,13,621,1,36,657,237,59
Bitcoin,0.70,venus,19,621,1,43,664,237,40
Bitcoin,0.70,venus,17,621,1,34,655,237,54
Bitcoin,0.70,venus,15,621,1,40,661,237,58
Bitcoin,0.70,venus,22,621,1,37,658,237,41
Bitcoin,0.70,venus,20,621,1,39,660,237,65
Bitcoin,0.70,venus,23,621,1,36,657,237,43
Bitcoin,0.70,venus,21,621,1,39,660,237,50
Bitcoin,0.70,venus,26,621,1,48,669,237,35
Bitcoin,0.70,venus,24,621,1,41,662,237,51
Bitcoin,0.70,venus,25,621,1,40,661,237,53
Bitcoin,0.70,venus,27,621,1,37,658,237,43
Bitcoin,0.70,venus,28,621,1,38,659,237,43
Bitcoin,0.70,venus,29,621,1,37,658,237,41
Bitcoin,0.70,venus,30,621,1,36,657,237,34
Bitcoin,0.70,venus,31,621,1,35,656,237,40
Bitcoin,0.70,venus,32,621,1,42,663,237,40
Bitcoin,0.70,venus,34,621,1,38,659,237,40
Bitcoin,0.70,venus,33,621,1,37,658,237,50
Bitcoin,0.70,venus,36,621,1,48,669,237,42
Bitcoin,0.70,venus,37,621,1,41,662,237,47
Bitcoin,0.70,venus,35,621,1,40,661,237,54
Bitcoin,0.70,venus,39,621,1,40,661,237,51
Bitcoin,0.70,venus,38,621,1,37,658,237,54
Bitcoin,0.70,venus,40,621,1,41,662,237,42
Bitcoin,0.70,venus,41,621,1,34,655,237,41
Bitcoin,0.70,venus,44,621,1,42,663,237,45
Bitcoin,0.70,venus,43,621,1,41,662,237,54
Bitcoin,0.70,venus,46,621,1,36,657,237,43
Bitcoin,0.70,venus,45,621,1,38,659,237,53
Bitcoin,0.70,venus,42,621,1,38,659,237,67
Bitcoin,0.70,venus,47,621,1,40,661,237,51
Bitcoin,0.70,venus,49,621,1,36,657,237,53
Bitcoin,0.70,venus,48,621,1,32,653,237,65
Bitcoin,0.70,venus,50,621,1,44,665,237,58
Bitcoin,0.60,gaia,1,734,0,0,734,252,0
Bitcoin,0.60,gaia,2,734,0,0,734,252,0
Bitcoin,0.60,gaia,3,734,0,0,734,252,0
Bitcoin,0.60,gaia,4,734,0,0,734,252,0
Bitcoin,0.60,gaia,5,734,0,0,734,252,0
Bitcoin,0.60,gaia,7,734,0,0,734,252,0
Bitcoin,0.60,gaia,6,734,0,0,734,252,0
Bitcoin,0.60,gaia,8,734,0,0,734,252,0
Bitcoin,0.60,gaia,10,734,0,0,734,252,0
Bitcoin,0.60,gaia,13,734,0,0,734,252,0
Bitcoin,0.60,gaia,12,734,0,0,734,252,0
Bitcoin,0.60,gaia,9,734,0,0,734,252,0
Bitcoin,0.60,gaia,11,734,0,0,734,252,0
Bitcoin,0.60,gaia,15,734,0,0,734,252,0
Bitcoin,0.60,gaia,16,734,0,0,734,252,0
Bitcoin,0.60,gaia,18,734,0,0,734,252,0
Bitcoin,0.60,gaia,14,734,0,0,734,252,0
Bitcoin,0.60,gaia,17,734,0,0,734,252,0
Bitcoin,0.60,gaia,20,734,0,0,734,252,0
Bitcoin,0.60,gaia,19,734,0,0,734,252,0
Bitcoin,0.60,gaia,21,734,0,0,734,252,0
Bitcoin,0.60,gaia,23,734,0,0,734,252,0
Bitcoin,0.60,gaia,22,734,0,0,734,252,0
Bitcoin,0.60,gaia,24,734,0,0,734,252,0
Bitcoin,0.60,gaia,27,734,0,0,734,252,0
Bitcoin,0.60,gaia,25,734,0,0,734,252,0
Bitcoin,0.60,gaia,26,734,0,0,734,252,0
Bitcoin,0.60,gaia,28,734,0,0,734,252,0
Bitcoin,0.60,gaia,29,734,0,0,734,252,0
Bitcoin,0.60,gaia,30,734,0,0,734,252,0
Bitcoin,0.60,gaia,33,734,0,0,734,252,0
Bitcoin,0.60,gaia,34,734,0,0,734,252,0
Bitcoin,0.60,gaia,32,734,0,0,734,252,0
Bitcoin,0.60,gaia,31,734,0,0,734,252,0
Bitcoin,0.60,gaia,38,734,0,0,734,252,0
Bitcoin,0.60,gaia,35,734,0,0,734,252,0
Bitcoin,0.60,gaia,36,734,0,0,734,252,0
Bitcoin,0.60,gaia,37,734,0,0,734,252,0
Bitcoin,0.60,gaia,41,734,0,0,734,252,0
Bitcoin,0.60,gaia,40,734,0,0,734,252,0
Bitcoin,0.60,gaia,39,734,0,0,734,252,0
Bitcoin,0.60,gaia,42,734,0,0,734,252,0
Bitcoin,0.60,gaia,44,734,0,0,734,252,0
Bitcoin,0.60,gaia,43,734,0,0,734,252,0
Bitcoin,0.60,gaia,45,734,0,0,734,252,0
Bitcoin,0.60,gaia,47,734,0,0,734,252,0
Bitcoin,0.60,gaia,46,734,0,0,734,252,0
Bitcoin,0.60,gaia,48,734,0,0,734,252,0
Bitcoin,0.60,gaia,49,734,0,0,734,252,0
Bitcoin,0.60,gaia,50,734,0,0,734,252,0
Bitcoin,0.60,venus,1,734,0,0,734,252,0
Bitcoin,0.60,venus,4,734,0,0,734,252,0
Bitcoin,0.60,venus,3,734,0,0,734,252,0
Bitcoin,0.60,venus,2,734,0,0,734,252,0
Bitcoin,0.60,venus,5,734,0,0,734,252,0
Bitcoin,0.60,venus,6,734,0,0,734,252,0
Bitcoin,0.60,venus,7,734,0,0,734,252,0
Bitcoin,0.60,venus,8,734,0,0,734,252,0
Bitcoin,0.60,venus,9,734,0,0,734,252,0
Bitcoin,0.60,venus,10,734,0,0,734,252,0
Bitcoin,0.60,venus,11,734,0,0,734,252,0
Bitcoin,0.60,venus,14,734,0,0,734,252,0
Bitcoin,0.60,venus,12,734,0,0,734,252,0
Bitcoin,0.60,venus,13,734,0,0,734,252,0
Bitcoin,0.60,venus,15,734,0,0,734,252,0
Bitcoin,0.60,venus,16,734,0,0,734,252,0
Bitcoin,0.60,venus,17,734,0,0,734,252,0
Bitcoin,0.60,venus,18,734,0,0,734,252,0
Bitcoin,0.60,venus,19,734,0,0,734,252,0
Bitcoin,0.60,venus,20,734,0,0,734,252,0
Bitcoin,0.60,venus,27,734,0,0,734,252,0
Bitcoin,0.60,venus,21,734,0,0,734,252,0
Bitcoin,0.60,venus,22,734,0,0,734,252,0
Bitcoin,0.60,venus,24,734,0,0,734,252,0
Bitcoin,0.60,venus,25,734,0,0,734,252,0
Bitcoin,0.60,venus,23,734,0,0,734,252,0
Bitcoin,0.60,venus,28,734,0,0,734,252,0
Bitcoin,0.60,venus,29,734,0,0,734,252,0
Bitcoin,0.60,venus,30,734,0,0,734,252,0
Bitcoin,0.60,venus,26,734,0,0,734,252,0
Bitcoin,0.60,venus,31,734,0,0,734,252,0
Bitcoin,0.60,venus,32,734,0,0,734,252,0
Bitcoin,0.60,venus,33,734,0,0,734,252,0
Bitcoin,0.60,venus,34,734,0,0,734,252,0
Bitcoin,0.60,venus,35,734,0,0,734,252,0
Bitcoin,0.60,venus,36,734,0,0,734,252,0
Bitcoin,0.60,venus,37,734,0,0,734,252,0
Bitcoin,0.60,venus,38,734,0,0,734,252,0
Bitcoin,0.60,venus,40,734,0,0,734,252,0
Bitcoin,0.60,venus,39,734,0,0,734,252,0
Bitcoin,0.60,venus,41,734,0,0,734,252,0
Bitcoin,0.60,venus,42,734,0,0,734,252,0
Bitcoin,0.60,venus,44,734,0,0,734,252,0
Bitcoin,0.60,venus,43,734,0,0,734,252,0
Bitcoin,0.60,venus,46,734,0,0,734,252,0
Bitcoin,0.60,venus,48,734,0,0,734,252,0
Bitcoin,0.60,venus,47,734,0,0,734,252,0
Bitcoin,0.60,venus,45,734,0,0,734,252,0
Bitcoin,0.60,venus,50,734,0,0,734,252,0
Bitcoin,0.60,venus,49,734,0,0,734,252,0
Bitcoin,0.50,gaia,2,734,0,0,734,251,0
Bitcoin,0.50,gaia,3,734,0,0,734,251,0
Bitcoin,0.50,gaia,1,734,0,0,734,251,0
Bitcoin,0.50,gaia,4,734,0,0,734,251,0
Bitcoin,0.50,gaia,6,734,0,0,734,251,0
Bitcoin,0.50,gaia,8,734,0,0,734,251,0
Bitcoin,0.50,gaia,9,734,0,0,734,251,0
Bitcoin,0.50,gaia,10,734,0,0,734,251,0
Bitcoin,0.50,gaia,5,734,0,0,734,251,0
Bitcoin,0.50,gaia,7,734,0,0,734,251,0
Bitcoin,0.50,gaia,11,734,0,0,734,251,0
Bitcoin,0.50,gaia,14,734,0,0,734,251,0
Bitcoin,0.50,gaia,13,734,0,0,734,251,0
Bitcoin,0.50,gaia,12,734,0,0,734,251,0
Bitcoin,0.50,gaia,15,734,0,0,734,251,0
Bitcoin,0.50,gaia,17,734,0,0,734,251,0
Bitcoin,0.50,gaia,16,734,0,0,734,251,0
Bitcoin,0.50,gaia,19,734,0,0,734,251,0
Bitcoin,0.50,gaia,20,734,0,0,734,251,0
Bitcoin,0.50,gaia,18,734,0,0,734,251,0
Bitcoin,0.50,gaia,21,734,0,0,734,251,0
Bitcoin,0.50,gaia,22,734,0,0,734,251,0
Bitcoin,0.50,gaia,23,734,0,0,734,251,0
Bitcoin,0.50,gaia,31,734,0,0,734,251,0
Bitcoin,0.50,gaia,29,734,0,0,734,251,0
Bitcoin,0.50,gaia,24,734,0,0,734,251,0
Bitcoin,0.50,gaia,33,734,0,0,734,251,0
Bitcoin,0.50,gaia,27,734,0,0,734,251,0
Bitcoin,0.50,gaia,32,734,0,0,734,251,0
Bitcoin,0.50,gaia,25,734,0,0,734,251,0
Bitcoin,0.50,gaia,30,734,0,0,734,251,0
Bitcoin,0.50,gaia,26,734,0,0,734,251,0
Bitcoin,0.50,gaia,28,734,0,0,734,251,0
Bitcoin,0.50,gaia,35,734,0,0,734,251,0
Bitcoin,0.50,gaia,34,734,0,0,734,251,0
Bitcoin,0.50,gaia,36,734,0,0,734,251,0
Bitcoin,0.50,gaia,37,734,0,0,734,251,0
Bitcoin,0.50,gaia,38,734,0,0,734,251,0
Bitcoin,0.50,gaia,39,734,0,0,734,251,0
Bitcoin,0.50,gaia,41,734,0,0,734,251,0
Bitcoin,0.50,gaia,42,734,0,0,734,251,0
Bitcoin,0.50,gaia,40,734,0,0,734,251,0
Bitcoin,0.50,gaia,44,734,0,0,734,251,0
Bitcoin,0.50,gaia,43,734,0,0,734,251,0
Bitcoin,0.50,gaia,45,734,0,0,734,251,0
Bitcoin,0.50,gaia,47,734,0,0,734,251,0
Bitcoin,0.50,gaia,48,734,0,0,734,251,0
Bitcoin,0.50,gaia,46,734,0,0,734,251,0
Bitcoin,0.50,gaia,49,734,0,0,734,251,0
Bitcoin,0.50,gaia,50,734,0,0,734,251,0
Bitcoin,0.50,venus,1,734,0,0,734,251,0
Bitcoin,0.50,venus,2,734,0,0,734,251,0
Bitcoin,0.50,venus,3,734,0,0,734,251,0
Bitcoin,0.50,venus,6,734,0,0,734,251,0
Bitcoin,0.50,venus,4,734,0,0,734,251,0
Bitcoin,0.50,venus,5,734,0,0,734,251,0
Bitcoin,0.50,venus,7,734,0,0,734,251,0
Bitcoin,0.50,venus,8,734,0,0,734,251,0
Bitcoin,0.50,venus,10,734,0,0,734,251,0
Bitcoin,0.50,venus,9,734,0,0,734,251,0
Bitcoin,0.50,venus,11,734,0,0,734,251,0
Bitcoin,0.50,venus,13,734,0,0,734,251,0
Bitcoin,0.50,venus,12,734,0,0,734,251,0
Bitcoin,0.50,venus,14,734,0,0,734,251,0
Bitcoin,0.50,venus,15,734,0,0,734,251,0
Bitcoin,0.50,venus,16,734,0,0,734,251,0
Bitcoin,0.50,venus,17,734,0,0,734,251,0
Bitcoin,0.50,venus,18,734,0,0,734,251,0
Bitcoin,0.50,venus,20,734,0,0,734,251,0
Bitcoin,0.50,venus,19,734,0,0,734,251,0
Bitcoin,0.50,venus,21,734,0,0,734,251,0
Bitcoin,0.50,venus,22,734,0,0,734,251,0
Bitcoin,0.50,venus,23,734,0,0,734,251,0
Bitcoin,0.50,venus,24,734,0,0,734,251,0
Bitcoin,0.50,venus,26,734,0,0,734,251,0
Bitcoin,0.50,venus,28,734,0,0,734,251,0
Bitcoin,0.50,venus,27,734,0,0,734,251,0
Bitcoin,0.50,venus,25,734,0,0,734,251,0
Bitcoin,0.50,venus,29,734,0,0,734,251,0
Bitcoin,0.50,venus,30,734,0,0,734,251,0
Bitcoin,0.50,venus,31,734,0,0,734,251,0
Bitcoin,0.50,venus,34,734,0,0,734,251,0
Bitcoin,0.50,venus,32,734,0,0,734,251,0
Bitcoin,0.50,venus,33,734,0,0,734,251,0
Bitcoin,0.50,venus,35,734,0,0,734,251,0
Bitcoin,0.50,venus,36,734,0,0,734,251,0
Bitcoin,0.50,venus,37,734,0,0,734,251,0
Bitcoin,0.50,venus,38,734,0,0,734,251,0
Bitcoin,0.50,venus,39,734,0,0,734,251,0
Bitcoin,0.50,venus,41,734,0,0,734,251,0
Bitcoin,0.50,venus,44,734,0,0,734,251,0
Bitcoin,0.50,venus,40,734,0,0,734,251,0
Bitcoin,0.50,venus,43,734,0,0,734,251,0
Bitcoin,0.50,venus,42,734,0,0,734,251,0
Bitcoin,0.50,venus,45,734,0,0,734,251,0
Bitcoin,0.50,venus,47,734,0,0,734,251,0
Bitcoin,0.50,venus,46,734,0,0,734,251,0
Bitcoin,0.50,venus,49,734,0,0,734,251,0
Bitcoin,0.50,venus,50,734,0,0,734,251,0
Bitcoin,0.50,venus,48,734,0,0,734,251,0
Chess,1.00,gaia,7,0,1,6460,6460,726,2957
Chess,1.00,gaia,10,0,1,6439,6439,726,4141
Chess,1.00,gaia,4,0,1,6355,6355,726,4149
Chess,1.00,gaia,2,0,1,6409,6409,726,4811
Chess,1.00,gaia,9,0,1,6457,6457,726,5192
Chess,1.00,gaia,6,0,1,6355,6355,726,5270
Chess,1.00,gaia,3,0,1,6412,6412,726,5772
Chess,1.00,gaia,1,0,1,6350,6350,726,6925
Chess,1.00,gaia,5,0,1,6447,6447,726,6955
Chess,1.00,gaia,13,0,1,6406,6406,726,3913
Chess,1.00,gaia,8,0,1,6434,6434,726,8078
Chess,1.00,gaia,11,0,1,6344,6344,726,5175
Chess,1.00,gaia,16,0,1,6412,6412,726,4341
Chess,1.00,gaia,14,0,1,6426,6426,726,6955
Chess,1.00,gaia,12,0,1,6277,6277,726,7819
Chess,1.00,gaia,17,0,1,6417,6417,726,6481
Chess,1.00,gaia,22,0,1,6388,6388,726,4929
Chess,1.00,gaia,15,0,1,6309,6309,726,9266
Chess,1.00,gaia,19,0,1,6296,6296,726,7838
Chess,1.00,gaia,20,0,1,6342,6342,726,6909
Chess,1.00,gaia,21,0,1,6315,6315,726,7094
Chess,1.00,gaia,24,0,1,6449,6449,726,4342
Chess,1.00,gaia,23,0,1,6398,6398,726,6925
Chess,1.00,gaia,25,0,1,6346,6346,726,5417
Chess,1.00,gaia,26,0,1,6428,6428,726,5450
Chess,1.00,gaia,18,0,1,6342,6342,726,10805
Chess,1.00,gaia,27,0,1,6349,6349,726,5094
Chess,1.00,gaia,29,0,1,6372,6372,726,4360
Chess,1.00,gaia,28,0,1,6348,6348,726,5304
Chess,1.00,gaia,30,0,1,6417,6417,726,5399
Chess,1.00,gaia,31,0,1,6329,6329,726,6623
Chess,1.00,gaia,37,0,1,6494,6494,726,4666
Chess,1.00,gaia,36,0,1,6377,6377,726,5725
Chess,1.00,gaia,39,0,1,6501,6501,726,4050
Chess,1.00,gaia,32,0,1,6369,6369,726,7885
Chess,1.00,gaia,34,0,1,6373,6373,726,6851
Chess,1.00,gaia,33,0,1,6334,6334,726,7727
Chess,1.00,gaia,40,0,1,6430,6430,726,4382
Chess,1.00,gaia,38,0,1,6404,6404,726,5817
Chess,1.00,gaia,35,0,1,6346,6346,726,7327
Chess,1.00,gaia,41,0,1,6403,6403,726,4894
Chess,1.00,gaia,43,0,1,6434,6434,726,3439
Chess,1.00,gaia,42,0,1,6378,6378,726,4626
Chess,1.00,gaia,49,0,1,6324,6324,726,3377
Chess,1.00,gaia,44,0,1,6418,6418,726,4969
Chess,1.00,gaia,46,0,1,6348,6348,726,5093
Chess,1.00,gaia,45,0,1,6434,6434,726,5343
Chess,1.00,gaia,48,0,1,6357,6357,726,5236
Chess,1.00,gaia,50,0,1,6373,6373,726,6050
Chess,1.00,venus,1,0,1,6329,6329,726,4857
Chess,1.00,venus,3,0,1,6374,6374,726,4276
Chess,1.00,venus,5,0,1,6331,6331,726,3906
Chess,1.00,venus,7,0,1,6322,6322,726,3976
Chess,1.00,venus,6,0,1,6315,6315,726,4378
Chess,1.00,venus,2,0,1,6320,6320,726,7159
Chess,1.00,venus,4,0,1,6260,6260,726,5817
Chess,1.00,gaia,47,0,1,6411,6411,726,10920
Chess,1.00,venus,11,0,1,6335,6335,726,4456
Chess,1.00,venus,8,0,1,6280,6280,726,6308
Chess,1.00,venus,13,0,1,6374,6374,726,3474
Chess,1.00,venus,10,0,1,6272,6272,726,5582
Chess,1.00,venus,12,0,1,6281,6281,726,5859
Chess,1.00,venus,9,0,1,6290,6290,726,7866
Chess,1.00,venus,16,0,1,6291,6291,726,5279
Chess,1.00,venus,14,0,1,6340,6340,726,5886
Chess,1.00,venus,15,0,1,6295,6295,726,6956
Chess,1.00,venus,17,0,1,6311,6311,726,5948
Chess,1.00,venus,19,0,1,6283,6283,726,5785
Chess,1.00,venus,21,0,1,6311,6311,726,5068
Chess,1.00,venus,18,0,1,6274,6274,726,6469
Chess,1.00,venus,20,0,1,6267,6267,726,6642
Chess,1.00,venus,22,0,1,6305,6305,726,5776
Chess,1.00,venus,25,0,1,6278,6278,726,5276
Chess,1.00,venus,23,0,1,6292,6292,726,5945
Chess,1.00,venus,24,0,1,6317,6317,726,5591
Chess,1.00,venus,27,0,1,6359,6359,726,4255
Chess,1.00,venus,26,0,1,6321,6321,726,5391
Chess,1.00,venus,29,0,1,6277,6277,726,5319
Chess,1.00,venus,30,0,1,6297,6297,726,4877
Chess,1.00,venus,28,0,1,6270,6270,726,6194
Chess,1.00,venus,32,0,1,6325,6325,726,4873
Chess,1.00,venus,33,0,1,6252,6252,726,4498
Chess,1.00,venus,37,0,1,6400,6400,726,3033
Chess,1.00,venus,31,0,1,6240,6240,726,6224
Chess,1.00,venus,36,0,1,6310,6310,726,4353
Chess,1.00,venus,38,0,1,6370,6370,726,3231
Chess,1.00,venus,35,0,1,6286,6286,726,5789
Chess,1.00,venus,34,0,1,6285,6285,726,5986
Chess,1.00,venus,39,0,1,6336,6336,726,3865
Chess,1.00,venus,45,0,1,6345,6345,726,3281
Chess,1.00,venus,40,0,1,6262,6262,726,4906
Chess,1.00,venus,44,0,1,6305,6305,726,4532
Chess,1.00,venus,47,0,1,6322,6322,726,3781
Chess,1.00,venus,42,0,1,6276,6276,726,5787
Chess,1.00,venus,48,0,1,6323,6323,726,5343
Chess,1.00,venus,46,0,1,6326,6326,726,5475
Chess,1.00,venus,41,0,1,6260,6260,726,7135
Chess,1.00,venus,43,0,1,6241,6241,726,8005
Chess,1.00,venus,49,0,1,6289,6289,726,6244
Chess,1.00,venus,50,0,1,6319,6319,726,5215
Chess,0.90,gaia,8,15,1,6333,6348,691,3027
Chess,0.90,gaia,4,15,1,6348,6363,691,3858
Chess,0.90,gaia,3,15,1,6352,6367,691,3879
Chess,0.90,gaia,10,15,1,6375,6390,691,4741
Chess,0.90,gaia,5,15,1,6339,6354,691,5210
Chess,0.90,gaia,9,15,1,6337,6352,691,5303
Chess,0.90,gaia,1,15,1,6323,6338,691,5450
Chess,0.90,gaia,6,15,1,6278,6293,691,5946
Chess,0.90,gaia,12,15,1,6350,6365,691,3726
Chess,0.90,gaia,13,15,1,6464,6479,691,4504
Chess,0.90,gaia,7,15,1,6277,6292,691,8794
Chess,0.90,gaia,18,15,1,6368,6383,691,3036
Chess,0.90,gaia,16,15,1,6433,6448,691,3686
Chess,0.90,gaia,2,15,1,6310,6325,691,10214
Chess,0.90,gaia,11,15,1,6299,6314,691,7544
Chess,0.90,gaia,19,15,1,6472,6487,691,3028
Chess,0.90,gaia,17,15,1,6232,6247,691,5749
Chess,0.90,gaia,15,15,1,6321,6336,691,6234
Chess,0.90,gaia,14,15,1,6345,6360,691,7722
Chess,0.90,gaia,20,15,1,6357,6372,691,5056
Chess,0.90,gaia,23,15,1,6342,6357,691,4480
Chess,0.90,gaia,24,15,1,6331,6346,691,4816
Chess,0.90,gaia,27,15,1,6437,6452,691,3881
Chess,0.90,gaia,22,15,1,6311,6326,691,6561
Chess,0.90,gaia,21,15,1,6386,6401,691,6970
Chess,0.90,gaia,26,15,1,6358,6373,691,6310
Chess,0.90,gaia,25,15,1,6354,6369,691,6380
Chess,0.90,gaia,28,15,1,6326,6341,691,5619
Chess,0.90,gaia,31,15,1,6348,6363,691,4370
Chess,0.90,gaia,29,15,1,6325,6340,691,5485
Chess,0.90,gaia,32,15,1,6440,6455,691,4095
Chess,0.90,gaia,30,15,1,6331,6346,691,6266
Chess,0.90,gaia,33,15,1,6289,6304,691,5221
Chess,0.90,gaia,34,15,1,6306,6321,691,4882
Chess,0.90,gaia,35,15,1,6352,6367,691,4841
Chess,0.90,gaia,38,15,1,6337,6352,691,4608
Chess,0.90,gaia,36,15,1,6313,6328,691,5286
Chess,0.90,gaia,37,15,1,6342,6357,691,5800
Chess,0.90,gaia,42,15,1,6372,6387,691,3958
Chess,0.90,gaia,40,15,1,6301,6316,691,6771
Chess,0.90,gaia,46,15,1,6398,6413,691,4304
Chess,0.90,gaia,45,15,1,6414,6429,691,5580
Chess,0.90,gaia,39,15,1,6236,6251,691,8517
Chess,0.90,gaia,44,15,1,6352,6367,691,6119
Chess,0.90,gaia,43,15,1,6300,6315,691,7103
Chess,0.90,gaia,48,15,1,6402,6417,691,5175
Chess,0.90,gaia,47,15,1,6322,6337,691,5771
Chess,0.90,gaia,41,15,1,6320,6335,691,10162
Chess,0.90,gaia,50,15,1,6390,6405,691,4879
Chess,0.90,gaia,49,15,1,6317,6332,691,6790
Chess,0.90,venus,3,15,1,6270,6285,691,4419
Chess,0.90,venus,6,15,1,6310,6325,691,3413
Chess,0.90,venus,1,15,1,6268,6283,691,5811
Chess,0.90,venus,2,15,1,6238,6253,691,6925
Chess,0.90,venus,4,15,1,6282,6297,691,7471
Chess,0.90,venus,10,15,1,6339,6354,691,3569
Chess,0.90,venus,5,15,1,6235,6250,691,6666
Chess,0.90,venus,7,15,1,6284,6299,691,6522
Chess,0.90,venus,8,15,1,6226,6241,691,6039
Chess,0.90,venus,9,15,1,6267,6282,691,5831
Chess,0.90,venus,12,15,1,6231,6246,691,4444
Chess,0.90,venus,11,15,1,6226,6241,691,5087
Chess,0.90,venus,14,15,1,6267,6282,691,4060
Chess,0.90,venus,13,15,1,6288,6303,691,6640
Chess,0.90,venus,20,15,1,6272,6287,691,3667
Chess,0.90,venus,17,15,1,6291,6306,691,5433
Chess,0.90,venus,21,15,1,6277,6292,691,3871
Chess,0.90,venus,15,15,1,6262,6277,691,5727
Chess,0.90,venus,18,15,1,6223,6238,691,5593
Chess,0.90,venus,22,15,1,6267,6282,691,6345
Chess,0.90,venus,16,15,1,6227,6242,691,8195
Chess,0.90,venus,25,15,1,6301,6316,691,4218
Chess,0.90,venus,19,15,1,6190,6205,691,8452
Chess,0.90,venus,23,15,1,6247,6262,691,7026
Chess,0.90,venus,24,15,1,6228,6243,691,6364
Chess,0.90,venus,26,15,1,6299,6314,691,5393
Chess,0.90,venus,29,15,1,6304,6319,691,5256
Chess,0.90,venus,27,15,1,6228,6243,691,6512
Chess,0.90,venus,31,15,1,6273,6288,691,4123
Chess,0.90,venus,28,15,1,6278,6293,691,6838
Chess,0.90,venus,35,15,1,6299,6314,691,3922
Chess,0.90,venus,30,15,1,6233,6248,691,6688
Chess,0.90,venus,33,15,1,6249,6264,691,5614
Chess,0.90,venus,34,15,1,6275,6290,691,5485
Chess,0.90,venus,36,15,1,6269,6284,691,5054
Chess,0.90,venus,32,15,1,6235,6250,691,7616
Chess,0.90,venus,37,15,1,6235,6250,691,5790
Chess,0.90,venus,38,15,1,6247,6262,691,4992
Chess,0.90,venus,39,15,1,6331,6346,691,5507
Chess,0.90,venus,40,15,1,6279,6294,691,5723
Chess,0.90,venus,45,15,1,6218,6233,691,3986
Chess,0.90,venus,42,15,1,6244,6259,691,5559
Chess,0.90,venus,41,15,1,6261,6276,691,5985
Chess,0.90,venus,43,15,1,6269,6284,691,5334
Chess,0.90,venus,49,15,1,6286,6301,691,3386
Chess,0.90,venus,46,15,1,6277,6292,691,4344
Chess,0.90,venus,47,15,1,6294,6309,691,6349
Chess,0.90,venus,44,15,1,6265,6280,691,8219
Chess,0.90,venus,50,15,1,6259,6274,691,6395
Chess,0.90,venus,48,15,1,6258,6273,691,8057
Chess,0.80,gaia,4,389,1,5877,6266,704,3055
Chess,0.80,gaia,3,389,1,5846,6235,704,3572
Chess,0.80,gaia,10,389,1,5868,6257,704,3804
Chess,0.80,gaia,8,389,1,5938,6327,704,4139
Chess,0.80,gaia,5,389,1,5832,6221,704,4192
Chess,0.80,gaia,1,389,1,5917,6306,704,4495
Chess,0.80,gaia,7,389,1,5971,6360,704,4975
Chess,0.80,gaia,6,389,1,5850,6239,704,6054
Chess,0.80,gaia,9,389,1,5851,6240,704,6927
Chess,0.80,gaia,2,389,1,5882,6271,704,7015
Chess,0.80,gaia,11,389,1,5926,6315,704,4223
Chess,0.80,gaia,16,389,1,5874,6263,704,4572
Chess,0.80,gaia,14,389,1,5859,6248,704,5093
Chess,0.80,gaia,13,389,1,5888,6277,704,5448
Chess,0.80,gaia,12,389,1,5827,6216,704,5927
Chess,0.80,gaia,15,389,1,5912,6301,704,6875
Chess,0.80,gaia,19,389,1,5969,6358,704,4311
Chess,0.80,gaia,21,389,1,5889,6278,704,4146
Chess,0.80,gaia,17,389,1,5850,6239,704,6510
Chess,0.80,gaia,20,389,1,5886,6275,704,4759
Chess,0.80,gaia,18,389,1,5828,6217,704,6221
Chess,0.80,gaia,22,389,1,5897,6286,704,3335
Chess,0.80,gaia,23,389,1,5902,6291,704,3238
Chess,0.80,gaia,24,389,1,5839,6228,704,4751
Chess,0.80,gaia,31,389,1,5938,6327,704,2062
Chess,0.80,gaia,25,389,1,5893,6282,704,4894
Chess,0.80,gaia,30,389,1,5904,6293,704,2945
Chess,0.80,gaia,27,389,1,5831,6220,704,3529
Chess,0.80,gaia,33,389,1,5920,6309,704,3110
Chess,0.80,gaia,28,389,1,5849,6238,704,4854
Chess,0.80,gaia,26,389,1,5871,6260,704,5284
Chess,0.80,gaia,32,389,1,5923,6312,704,4724
Chess,0.80,gaia,29,389,1,5881,6270,704,6098
Chess,0.80,gaia,37,389,1,5912,6301,704,3044
Chess,0.80,gaia,34,389,1,5942,6331,704,4295
Chess,0.80,gaia,38,389,1,5908,6297,704,4197
Chess,0.80,gaia,36,389,1,5874,6263,704,5600
Chess,0.80,gaia,40,389,1,5957,6346,704,4033
Chess,0.80,gaia,35,389,1,5876,6265,704,6239
Chess,0.80,gaia,39,389,1,5856,6245,704,5104
Chess,0.80,gaia,41,389,1,5834,6223,704,4636
Chess,0.80,gaia,43,389,1,5887,6276,704,3702
Chess,0.80,gaia,45,389,1,5925,6314,704,3227
Chess,0.80,gaia,44,389,1,5932,6321,704,3783
Chess,0.80,gaia,46,389,1,5855,6244,704,4571
Chess,0.80,gaia,47,389,1,5886,6275,704,3573
Chess,0.80,gaia,48,389,1,5912,6301,704,3691
Chess,0.80,gaia,42,389,1,5912,6301,704,7171
Chess,0.80,venus,2,389,1,5824,6213,704,3477
Chess,0.80,gaia,50,389,1,5872,6261,704,4483
Chess,0.80,venus,3,389,1,5857,6246,704,3775
Chess,0.80,gaia,49,389,1,5840,6229,704,5385
Chess,0.80,venus,1,389,1,5824,6213,704,5274
Chess,0.80,venus,7,389,1,5839,6228,704,3430
Chess,0.80,venus,9,389,1,5836,6225,704,3107
Chess,0.80,venus,8,389,1,5853,6242,704,4147
Chess,0.80,venus,5,389,1,5812,6201,704,5428
Chess,0.80,venus,4,389,1,5801,6190,704,7627
Chess,0.80,venus,6,389,1,5801,6190,704,5705
Chess,0.80,venus,10,389,1,5798,6187,704,5145
Chess,0.80,venus,11,389,1,5828,6217,704,5378
Chess,0.80,venus,15,389,1,5828,6217,704,3739
Chess,0.80,venus,13,389,1,5843,6232,704,5522
Chess,0.80,venus,12,389,1,5817,6206,704,6618
Chess,0.80,venus,14,389,1,5776,6165,704,5511
Chess,0.80,venus,17,389,1,5831,6220,704,4259
Chess,0.80,venus,18,389,1,5819,6208,704,4117
Chess,0.80,venus,19,389,1,5798,6187,704,4248
Chess,0.80,venus,16,389,1,5843,6232,704,5154
Chess,0.80,venus,21,389,1,5874,6263,704,3591
Chess,0.80,venus,20,389,1,5791,6180,704,5065
Chess,0.80,venus,27,389,1,5856,6245,704,3529
Chess,0.80,venus,23,389,1,5811,6200,704,5395
Chess,0.80,venus,24,389,1,5807,6196,704,5044
Chess,0.80,venus,22,389,1,5788,6177,704,6243
Chess,0.80,venus,28,389,1,5799,6188,704,4402
Chess,0.80,venus,25,389,1,5865,6254,704,4987
Chess,0.80,venus,30,389,1,5806,6195,704,4968
Chess,0.80,venus,26,389,1,5813,6202,704,6178
Chess,0.80,venus,31,389,1,5837,6226,704,4905
Chess,0.80,venus,32,389,1,5831,6220,704,3660
Chess,0.80,venus,29,389,1,5801,6190,704,7302
Chess,0.80,venus,35,389,1,5825,6214,704,3126
Chess,0.80,venus,37,389,1,5820,6209,704,3545
Chess,0.80,venus,33,389,1,5789,6178,704,4917
Chess,0.80,venus,38,389,1,5817,6206,704,3585
Chess,0.80,venus,34,389,1,5799,6188,704,6089
Chess,0.80,venus,36,389,1,5843,6232,704,6057
Chess,0.80,venus,40,389,1,5841,6230,704,3775
Chess,0.80,venus,44,389,1,5868,6257,704,3267
Chess,0.80,venus,43,389,1,5850,6239,704,5032
Chess,0.80,venus,42,389,1,5864,6253,704,5387
Chess,0.80,venus,41,389,1,5749,6138,704,6030
Chess,0.80,venus,46,389,1,5870,6259,704,3966
Chess,0.80,venus,39,389,1,5789,6178,704,7656
Chess,0.80,venus,48,389,1,5832,6221,704,3456
Chess,0.80,venus,49,389,1,5852,6241,704,3752
Chess,0.80,venus,45,389,1,5799,6188,704,5981
Chess,0.80,venus,47,389,1,5772,6161,704,4709
Chess,0.80,venus,50,389,1,5811,6200,704,4581
Chess,0.70,gaia,8,2380,2,3988,6368,794,1714
Chess,0.70,gaia,2,2380,2,3978,6358,794,2021
Chess,0.70,gaia,9,2380,2,3948,6328,794,2226
Chess,0.70,gaia,1,2380,2,3957,6337,794,2236
Chess,0.70,gaia,5,2380,2,3929,6309,794,2784
Chess,0.70,gaia,10,2380,2,3976,6356,794,2899
Chess,0.70,gaia,4,2380,2,3913,6293,794,2974
Chess,0.70,gaia,3,2380,2,3968,6348,794,3441
Chess,0.70,gaia,11,2380,2,3995,6375,794,2433
Chess,0.70,gaia,6,2380,2,3883,6263,794,4389
Chess,0.70,gaia,15,2380,2,4070,6450,794,1749
Chess,0.70,gaia,7,2380,2,3921,6301,794,5044
Chess,0.70,gaia,17,2380,2,3957,6337,794,2125
Chess,0.70,gaia,13,2380,2,4045,6425,794,3045
Chess,0.70,gaia,16,2380,2,4053,6433,794,2797
Chess,0.70,gaia,14,2380,2,3945,6325,794,3670
Chess,0.70,gaia,18,2380,2,3939,6319,794,2908
Chess,0.70,gaia,12,2380,2,3975,6355,794,4521
Chess,0.70,gaia,20,2380,2,3989,6369,794,2154
Chess,0.70,gaia,24,2380,2,3992,6372,794,1527
Chess,0.70,gaia,23,2380,2,4012,6392,794,1749
Chess,0.70,gaia,21,2380,2,4065,6445,794,2795
Chess,0.70,gaia,28,2380,2,3978,6358,794,1357
Chess,0.70,gaia,19,2380,2,3909,6289,794,3790
Chess,0.70,gaia,25,2380,2,3982,6362,794,3561
Chess,0.70,gaia,22,2380,2,3914,6294,794,4274
Chess,0.70,gaia,27,2380,2,3915,6295,794,3166
Chess,0.70,gaia,29,2380,2,3976,6356,794,3257
Chess,0.70,gaia,34,2380,2,4033,6413,794,1946
Chess,0.70,gaia,26,2380,2,3920,6300,794,3984
Chess,0.70,gaia,30,2380,2,3951,6331,794,4238
Chess,0.70,gaia,31,2380,2,3934,6314,794,4403
Chess,0.70,gaia,32,2380,2,3943,6323,794,4271
Chess,0.70,gaia,39,2380,2,3942,6322,794,1926
Chess,0.70,gaia,33,2380,2,3949,6329,794,4515
Chess,0.70,gaia,36,2380,2,3920,6300,794,3362
Chess,0.70,gaia,37,2380,2,3937,6317,794,3214
Chess,0.70,gaia,38,2380,2,3975,6355,794,3045
Chess,0.70,gaia,35,2380,2,3918,6298,794,3890
Chess,0.70,gaia,40,2380,2,3962,6342,794,3282
Chess,0.70,gaia,41,2380,2,3964,6344,794,2453
Chess,0.70,gaia,44,2380,2,3988,6368,794,3108
Chess,0.70,gaia,45,2380,2,3965,6345,794,2649
Chess,0.70,gaia,43,2380,2,3997,6377,794,3706
Chess,0.70,gaia,42,2380,2,3900,6280,794,4201
Chess,0.70,gaia,46,2380,2,3957,6337,794,2979
Chess,0.70,gaia,48,2380,2,3974,6354,794,2941
Chess,0.70,gaia,50,2380,2,3967,6347,794,2943
Chess,0.70,venus,1,2380,2,3916,6296,794,2784
Chess,0.70,gaia,49,2380,2,3967,6347,794,3402
Chess,0.70,gaia,47,2380,2,3961,6341,794,4370
Chess,0.70,venus,5,2380,2,3956,6336,794,1843
Chess,0.70,venus,7,2380,2,3960,6340,794,1798
Chess,0.70,venus,2,2380,2,3909,6289,794,3591
Chess,0.70,venus,4,2380,2,3919,6299,794,3254
Chess,0.70,venus,6,2380,2,3944,6324,794,3164
Chess,0.70,venus,10,2380,2,3910,6290,794,2429
Chess,0.70,venus,3,2380,2,3915,6295,794,4127
Chess,0.70,venus,8,2380,2,3869,6249,794,3175
Chess,0.70,venus,9,2380,2,3933,6313,794,3804
Chess,0.70,venus,18,2380,2,3933,6313,794,2040
Chess,0.70,venus,13,2380,2,3885,6265,794,3667
Chess,0.70,venus,12,2380,2,3893,6273,794,3974
Chess,0.70,venus,11,2380,2,3887,6267,794,4459
Chess,0.70,venus,19,2380,2,3931,6311,794,2637
Chess,0.70,venus,17,2380,2,3895,6275,794,3128
Chess,0.70,venus,15,2380,2,3919,6299,794,3853
Chess,0.70,venus,14,2380,2,3937,6317,794,4324
Chess,0.70,venus,20,2380,2,3966,6346,794,2863
Chess,0.70,venus,16,2380,2,3857,6237,794,4364
Chess,0.70,venus,22,2380,2,3981,6361,794,2573
Chess,0.70,venus,21,2380,2,3918,6298,794,2786
Chess,0.70,venus,25,2380,2,3984,6364,794,2347
Chess,0.70,venus,24,2380,2,3902,6282,794,2941
Chess,0.70,venus,23,2380,2,3944,6324,794,3283
Chess,0.70,venus,28,2380,2,3928,6308,794,2466
Chess,0.70,venus,27,2380,2,3881,6261,794,3189
Chess,0.70,venus,29,2380,2,3930,6310,794,2933
Chess,0.70,venus,33,2380,2,3953,6333,794,1801
Chess,0.70,venus,30,2380,2,3918,6298,794,3226
Chess,0.70,venus,26,2380,2,3897,6277,794,4574
Chess,0.70,venus,32,2380,2,3938,6318,794,3417
Chess,0.70,venus,31,2380,2,3912,6292,794,3997
Chess,0.70,venus,35,2380,2,3903,6283,794,3316
Chess,0.70,venus,38,2380,2,3952,6332,794,2245
Chess,0.70,venus,37,2380,2,3916,6296,794,2630
Chess,0.70,venus,36,2380,2,3905,6285,794,3128
Chess,0.70,venus,39,2380,2,3903,6283,794,2771
Chess,0.70,venus,34,2380,2,3889,6269,794,4898
Chess,0.70,venus,40,2380,2,3920,6300,794,4036
Chess,0.70,venus,43,2380,2,3883,6263,794,2727
Chess,0.70,venus,42,2380,2,3977,6357,794,3217
Chess,0.70,venus,41,2380,2,3894,6274,794,4088
Chess,0.70,venus,45,2380,2,3913,6293,794,2946
Chess,0.70,venus,44,2380,2,3885,6265,794,3889
Chess,0.70,venus,49,2380,2,3939,6319,794,2523
Chess,0.70,venus,46,2380,2,3844,6224,794,4119
Chess,0.70,venus,47,2380,2,3889,6269,794,4056
Chess,0.70,venus,48,2380,2,3848,6228,794,3919
Chess,0.70,venus,50,2380,2,3934,6314,794,3181
Chess,0.60,gaia,1,7781,0,0,7781,711,0
Chess,0.60,gaia,3,7781,0,0,7781,711,0
Chess,0.60,gaia,4,7781,0,0,7781,711,0
Chess,0.60,gaia,2,7781,0,0,7781,711,0
Chess,0.60,gaia,7,7781,0,0,7781,711,0
Chess,0.60,gaia,6,7781,0,0,7781,711,0
Chess,0.60,gaia,9,7781,0,0,7781,711,0
Chess,0.60,gaia,10,7781,0,0,7781,711,0
Chess,0.60,gaia,5,7781,0,0,7781,711,0
Chess,0.60,gaia,12,7781,0,0,7781,711,0
Chess,0.60,gaia,13,7781,0,0,7781,711,0
Chess,0.60,gaia,14,7781,0,0,7781,711,0
Chess,0.60,gaia,11,7781,0,0,7781,711,0
Chess,0.60,gaia,8,7781,0,0,7781,711,0
Chess,0.60,gaia,15,7781,0,0,7781,711,0
Chess,0.60,gaia,16,7781,0,0,7781,711,0
Chess,0.60,gaia,18,7781,0,0,7781,711,0
Chess,0.60,gaia,17,7781,0,0,7781,711,0
Chess,0.60,gaia,19,7781,0,0,7781,711,0
Chess,0.60,gaia,20,7781,0,0,7781,711,0
Chess,0.60,gaia,24,7781,0,0,7781,711,0
Chess,0.60,gaia,22,7781,0,0,7781,711,0
Chess,0.60,gaia,25,7781,0,0,7781,711,0
Chess,0.60,gaia,21,7781,0,0,7781,711,0
Chess,0.60,gaia,26,7781,0,0,7781,711,0
Chess,0.60,gaia,23,7781,0,0,7781,711,0
Chess,0.60,gaia,27,7781,0,0,7781,711,0
Chess,0.60,gaia,31,7781,0,0,7781,711,0
Chess,0.60,gaia,29,7781,0,0,7781,711,0
Chess,0.60,gaia,30,7781,0,0,7781,711,0
Chess,0.60,gaia,32,7781,0,0,7781,711,0
Chess,0.60,gaia,33,7781,0,0,7781,711,0
Chess,0.60,gaia,34,7781,0,0,7781,711,0
Chess,0.60,gaia,28,7781,0,0,7781,711,0
Chess,0.60,gaia,35,7781,0,0,7781,711,0
Chess,0.60,gaia,36,7781,0,0,7781,711,0
Chess,0.60,gaia,38,7781,0,0,7781,711,0
Chess,0.60,gaia,37,7781,0,0,7781,711,0
Chess,0.60,gaia,40,7781,0,0,7781,711,0
Chess,0.60,gaia,39,7781,0,0,7781,711,0
Chess,0.60,gaia,41,7781,0,0,7781,711,0
Chess,0.60,gaia,42,7781,0,0,7781,711,0
Chess,0.60,gaia,43,7781,0,0,7781,711,0
Chess,0.60,gaia,45,7781,0,0,7781,711,0
Chess,0.60,gaia,44,7781,0,0,7781,711,0
Chess,0.60,gaia,46,7781,0,0,7781,711,0
Chess,0.60,gaia,47,7781,0,0,7781,711,0
Chess,0.60,gaia,48,7781,0,0,7781,711,0
Chess,0.60,gaia,49,7781,0,0,7781,711,0
Chess,0.60,gaia,50,7781,0,0,7781,711,0
Chess,0.60,venus,1,7781,0,0,7781,711,0
Chess,0.60,venus,2,7781,0,0,7781,711,0
Chess,0.60,venus,3,7781,0,0,7781,711,0
Chess,0.60,venus,4,7781,0,0,7781,711,0
Chess,0.60,venus,5,7781,0,0,7781,711,0
Chess,0.60,venus,6,7781,0,0,7781,711,0
Chess,0.60,venus,7,7781,0,0,7781,711,0
Chess,0.60,venus,8,7781,0,0,7781,711,0
Chess,0.60,venus,9,7781,0,0,7781,711,0
Chess,0.60,venus,12,7781,0,0,7781,711,0
Chess,0.60,venus,11,7781,0,0,7781,711,0
Chess,0.60,venus,13,7781,0,0,7781,711,0
Chess,0.60,venus,10,7781,0,0,7781,711,0
Chess,0.60,venus,14,7781,0,0,7781,711,0
Chess,0.60,venus,15,7781,0,0,7781,711,0
Chess,0.60,venus,16,7781,0,0,7781,711,0
Chess,0.60,venus,17,7781,0,0,7781,711,0
Chess,0.60,venus,18,7781,0,0,7781,711,0
Chess,0.60,venus,19,7781,0,0,7781,711,0
Chess,0.60,venus,20,7781,0,0,7781,711,0
Chess,0.60,venus,21,7781,0,0,7781,711,0
Chess,0.60,venus,22,7781,0,0,7781,711,0
Chess,0.60,venus,23,7781,0,0,7781,711,0
Chess,0.60,venus,26,7781,0,0,7781,711,0
Chess,0.60,venus,25,7781,0,0,7781,711,0
Chess,0.60,venus,24,7781,0,0,7781,711,0
Chess,0.60,venus,27,7781,0,0,7781,711,0
Chess,0.60,venus,28,7781,0,0,7781,711,0
Chess,0.60,venus,30,7781,0,0,7781,711,0
Chess,0.60,venus,29,7781,0,0,7781,711,0
Chess,0.60,venus,31,7781,0,0,7781,711,0
Chess,0.60,venus,32,7781,0,0,7781,711,0
Chess,0.60,venus,33,7781,0,0,7781,711,0
Chess,0.60,venus,36,7781,0,0,7781,711,0
Chess,0.60,venus,34,7781,0,0,7781,711,0
Chess,0.60,venus,35,7781,0,0,7781,711,0
Chess,0.60,venus,38,7781,0,0,7781,711,0
Chess,0.60,venus,37,7781,0,0,7781,711,0
Chess,0.60,venus,39,7781,0,0,7781,711,0
Chess,0.60,venus,40,7781,0,0,7781,711,0
Chess,0.60,venus,41,7781,0,0,7781,711,0
Chess,0.60,venus,42,7781,0,0,7781,711,0
Chess,0.60,venus,43,7781,0,0,7781,711,0
Chess,0.60,venus,44,7781,0,0,7781,711,0
Chess,0.60,venus,46,7781,0,0,7781,711,0
Chess,0.60,venus,48,7781,0,0,7781,711,0
Chess,0.60,venus,45,7781,0,0,7781,711,0
Chess,0.60,venus,47,7781,0,0,7781,711,0
Chess,0.60,venus,49,7781,0,0,7781,711,0
Chess,0.60,venus,50,7781,0,0,7781,711,0
Chess,0.50,gaia,1,7781,0,0,7781,722,0
Chess,0.50,gaia,2,7781,0,0,7781,722,0
Chess,0.50,gaia,5,7781,0,0,7781,722,0
Chess,0.50,gaia,3,7781,0,0,7781,722,0
Chess,0.50,gaia,4,7781,0,0,7781,722,0
Chess,0.50,gaia,6,7781,0,0,7781,722,0
Chess,0.50,gaia,7,7781,0,0,7781,722,0
Chess,0.50,gaia,10,7781,0,0,7781,722,0
Chess,0.50,gaia,9,7781,0,0,7781,722,0
Chess,0.50,gaia,11,7781,0,0,7781,722,0
Chess,0.50,gaia,12,7781,0,0,7781,722,0
Chess,0.50,gaia,8,7781,0,0,7781,722,0
Chess,0.50,gaia,15,7781,0,0,7781,722,0
Chess,0.50,gaia,14,7781,0,0,7781,722,0
Chess,0.50,gaia,13,7781,0,0,7781,722,0
Chess,0.50,gaia,16,7781,0,0,7781,722,0
Chess,0.50,gaia,17,7781,0,0,7781,722,0
Chess,0.50,gaia,18,7781,0,0,7781,722,0
Chess,0.50,gaia,20,7781,0,0,7781,722,0
Chess,0.50,gaia,21,7781,0,0,7781,722,0
Chess,0.50,gaia,19,7781,0,0,7781,722,0
Chess,0.50,gaia,24,7781,0,0,7781,722,0
Chess,0.50,gaia,23,7781,0,0,7781,722,0
Chess,0.50,gaia,22,7781,0,0,7781,722,0
Chess,0.50,gaia,25,7781,0,0,7781,722,0
Chess,0.50,gaia,26,7781,0,0,7781,722,0
Chess,0.50,gaia,27,7781,0,0,7781,722,0
Chess,0.50,gaia,30,7781,0,0,7781,722,0
Chess,0.50,gaia,28,7781,0,0,7781,722,0
Chess,0.50,gaia,29,7781,0,0,7781,722,0
Chess,0.50,gaia,31,7781,0,0,7781,722,0
Chess,0.50,gaia,32,7781,0,0,7781,722,0
Chess,0.50,gaia,34,7781,0,0,7781,722,0
Chess,0.50,gaia,33,7781,0,0,7781,722,0
Chess,0.50,gaia,35,7781,0,0,7781,722,0
Chess,0.50,gaia,36,7781,0,0,7781,722,0
Chess,0.50,gaia,37,7781,0,0,7781,722,0
Chess,0.50,gaia,39,7781,0,0,7781,722,0
Chess,0.50,gaia,40,7781,0,0,7781,722,0
Chess,0.50,gaia,38,7781,0,0,7781,722,0
Chess,0.50,gaia,41,7781,0,0,7781,722,0
Chess,0.50,gaia,42,7781,0,0,7781,722,0
Chess,0.50,gaia,43,7781,0,0,7781,722,0
Chess,0.50,gaia,44,7781,0,0,7781,722,0
Chess,0.50,gaia,45,7781,0,0,7781,722,0
Chess,0.50,gaia,47,7781,0,0,7781,722,0
Chess,0.50,gaia,48,7781,0,0,7781,722,0
Chess,0.50,gaia,46,7781,0,0,7781,722,0
Chess,0.50,gaia,50,7781,0,0,7781,722,0
Chess,0.50,venus,1,7781,0,0,7781,722,0
Chess,0.50,gaia,49,7781,0,0,7781,722,0
Chess,0.50,venus,2,7781,0,0,7781,722,0
Chess,0.50,venus,3,7781,0,0,7781,722,0
Chess,0.50,venus,4,7781,0,0,7781,722,0
Chess,0.50,venus,6,7781,0,0,7781,722,0
Chess,0.50,venus,7,7781,0,0,7781,722,0
Chess,0.50,venus,5,7781,0,0,7781,722,0
Chess,0.50,venus,9,7781,0,0,7781,722,0
Chess,0.50,venus,8,7781,0,0,7781,722,0
Chess,0.50,venus,10,7781,0,0,7781,722,0
Chess,0.50,venus,11,7781,0,0,7781,722,0
Chess,0.50,venus,12,7781,0,0,7781,722,0
Chess,0.50,venus,13,7781,0,0,7781,722,0
Chess,0.50,venus,16,7781,0,0,7781,722,0
Chess,0.50,venus,15,7781,0,0,7781,722,0
Chess,0.50,venus,14,7781,0,0,7781,722,0
Chess,0.50,venus,17,7781,0,0,7781,722,0
Chess,0.50,venus,18,7781,0,0,7781,722,0
Chess,0.50,venus,20,7781,0,0,7781,722,0
Chess,0.50,venus,19,7781,0,0,7781,722,0
Chess,0.50,venus,21,7781,0,0,7781,722,0
Chess,0.50,venus,22,7781,0,0,7781,722,0
Chess,0.50,venus,24,7781,0,0,7781,722,0
Chess,0.50,venus,23,7781,0,0,7781,722,0
Chess,0.50,venus,25,7781,0,0,7781,722,0
Chess,0.50,venus,26,7781,0,0,7781,722,0
Chess,0.50,venus,28,7781,0,0,7781,722,0
Chess,0.50,venus,27,7781,0,0,7781,722,0
Chess,0.50,venus,30,7781,0,0,7781,722,0
Chess,0.50,venus,29,7781,0,0,7781,722,0
Chess,0.50,venus,31,7781,0,0,7781,722,0
Chess,0.50,venus,32,7781,0,0,7781,722,0
Chess,0.50,venus,34,7781,0,0,7781,722,0
Chess,0.50,venus,36,7781,0,0,7781,722,0
Chess,0.50,venus,35,7781,0,0,7781,722,0
Chess,0.50,venus,33,7781,0,0,7781,722,0
Chess,0.50,venus,39,7781,0,0,7781,722,0
Chess,0.50,venus,37,7781,0,0,7781,722,0
Chess,0.50,venus,41,7781,0,0,7781,722,0
Chess,0.50,venus,40,7781,0,0,7781,722,0
Chess,0.50,venus,38,7781,0,0,7781,722,0
Chess,0.50,venus,43,7781,0,0,7781,722,0
Chess,0.50,venus,44,7781,0,0,7781,722,0
Chess,0.50,venus,45,7781,0,0,7781,722,0
Chess,0.50,venus,50,7781,0,0,7781,722,0
Chess,0.50,venus,47,7781,0,0,7781,722,0
Chess,0.50,venus,46,7781,0,0,7781,722,0
Chess,0.50,venus,42,7781,0,0,7781,722,0
Chess,0.50,venus,48,7781,0,0,7781,722,0
Chess,0.50,venus,49,7781,0,0,7781,722,0
WikiElec,1.00,gaia,6,0,1,11109,11109,1543,7064
WikiElec,1.00,gaia,8,0,1,11089,11089,1543,7403
WikiElec,1.00,gaia,2,0,1,11084,11084,1543,7944
WikiElec,1.00,gaia,10,0,1,11127,11127,1543,8039
WikiElec,1.00,gaia,5,0,1,11144,11144,1543,8218
WikiElec,1.00,gaia,4,0,1,11078,11078,1543,8748
WikiElec,1.00,gaia,9,0,1,11147,11147,1543,10042
WikiElec,1.00,gaia,3,0,1,11073,11073,1543,11948
WikiElec,1.00,gaia,11,0,1,11239,11239,1543,4995
WikiElec,1.00,gaia,7,0,1,11070,11070,1543,12773
WikiElec,1.00,gaia,1,0,1,11077,11077,1543,13680
WikiElec,1.00,gaia,12,0,1,11151,11151,1543,7018
WikiElec,1.00,gaia,13,0,1,11227,11227,1543,6902
WikiElec,1.00,gaia,18,0,1,11073,11073,1543,4319
WikiElec,1.00,gaia,16,0,1,11147,11147,1543,7744
WikiElec,1.00,gaia,19,0,1,11073,11073,1543,6077
WikiElec,1.00,gaia,24,0,1,11262,11262,1543,3873
WikiElec,1.00,gaia,14,0,1,11041,11041,1543,12275
WikiElec,1.00,gaia,23,0,1,11159,11159,1543,6453
WikiElec,1.00,gaia,20,0,1,11083,11083,1543,8653
WikiElec,1.00,gaia,25,0,1,11133,11133,1543,6091
WikiElec,1.00,gaia,22,0,1,11087,11087,1543,9011
WikiElec,1.00,gaia,26,0,1,11225,11225,1543,5856
WikiElec,1.00,gaia,17,0,1,11091,11091,1543,14626
WikiElec,1.00,gaia,15,0,1,11093,11093,1543,18142
WikiElec,1.00,gaia,28,0,1,11135,11135,1543,6574
WikiElec,1.00,gaia,34,0,1,11265,11265,1543,4421
WikiElec,1.00,gaia,32,0,1,11061,11061,1543,6886
WikiElec,1.00,gaia,21,0,1,11026,11026,1543,17827
WikiElec,1.00,gaia,30,0,1,11225,11225,1543,10206
WikiElec,1.00,gaia,27,0,1,11086,11086,1543,12579
WikiElec,1.00,gaia,29,0,1,11076,11076,1543,12665
WikiElec,1.00,gaia,31,0,1,11083,11083,1543,11487
WikiElec,1.00,gaia,37,0,1,11234,11234,1543,5824
WikiElec,1.00,gaia,39,0,1,11549,11549,1543,5341
WikiElec,1.00,gaia,38,0,1,11151,11151,1543,7199
WikiElec,1.00,gaia,33,0,1,11082,11082,1543,13686
WikiElec,1.00,gaia,42,0,1,11538,11538,1543,6159
WikiElec,1.00,gaia,41,0,1,11085,11085,1543,8229
WikiElec,1.00,gaia,40,0,1,11074,11074,1543,9438
WikiElec,1.00,gaia,46,0,1,11143,11143,1543,6619
WikiElec,1.00,gaia,45,0,1,11246,11246,1543,7416
WikiElec,1.00,gaia,36,0,1,11051,11051,1543,17655
WikiElec,1.00,gaia,35,0,1,11065,11065,1543,18537
WikiElec,1.00,gaia,47,0,1,11104,11104,1543,8292
WikiElec,1.00,gaia,44,0,1,11075,11075,1543,12934
WikiElec,1.00,gaia,43,0,1,11090,11090,1543,14970
WikiElec,1.00,gaia,50,0,1,11145,11145,1543,10613
WikiElec,1.00,venus,3,0,1,11071,11071,1543,7969
WikiElec,1.00,gaia,49,0,1,11079,11079,1543,12979
WikiElec,1.00,venus,4,0,1,11084,11084,1543,9345
WikiElec,1.00,venus,6,0,1,11097,11097,1543,6811
WikiElec,1.00,gaia,48,0,1,11074,11074,1543,15287
WikiElec,1.00,venus,5,0,1,11083,11083,1543,9592
WikiElec,1.00,venus,2,0,1,11080,11080,1543,12750
WikiElec,1.00,venus,1,0,1,11076,11076,1543,13152
WikiElec,1.00,venus,9,0,1,11083,11083,1543,7952
WikiElec,1.00,venus,7,0,1,11035,11035,1543,13608
WikiElec,1.00,venus,13,0,1,11074,11074,1543,8055
WikiElec,1.00,venus,10,0,1,11084,11084,1543,9650
WikiElec,1.00,venus,16,0,1,11116,11116,1543,6869
WikiElec,1.00,venus,12,0,1,11074,11074,1543,9653
WikiElec,1.00,venus,11,0,1,11510,11510,1543,10494
WikiElec,1.00,venus,14,0,1,11048,11048,1543,11152
WikiElec,1.00,venus,17,0,1,11173,11173,1543,7397
WikiElec,1.00,venus,8,0,1,11044,11044,1543,17535
WikiElec,1.00,venus,22,0,1,11141,11141,1543,5347
WikiElec,1.00,venus,21,0,1,11095,11095,1543,8675
WikiElec,1.00,venus,15,0,1,11072,11072,1543,18476
WikiElec,1.00,venus,26,0,1,11074,11074,1543,6456
WikiElec,1.00,venus,25,0,1,11080,11080,1543,7965
WikiElec,1.00,venus,19,0,1,11071,11071,1543,12432
WikiElec,1.00,venus,23,0,1,11085,11085,1543,11176
WikiElec,1.00,venus,20,0,1,11043,11043,1543,14887
WikiElec,1.00,venus,24,0,1,11060,11060,1543,12338
WikiElec,1.00,venus,18,0,1,11038,11038,1543,16757
WikiElec,1.00,venus,27,0,1,11027,11027,1543,12550
WikiElec,1.00,venus,28,0,1,11027,11027,1543,11344
WikiElec,1.00,venus,32,0,1,11076,11076,1543,8773
WikiElec,1.00,venus,33,0,1,11072,11072,1543,9988
WikiElec,1.00,venus,35,0,1,11086,11086,1543,7852
WikiElec,1.00,venus,31,0,1,11046,11046,1543,11245
WikiElec,1.00,venus,29,0,1,11061,11061,1543,12819
WikiElec,1.00,venus,38,0,1,11021,11021,1543,8047
WikiElec,1.00,venus,30,0,1,11026,11026,1543,16881
WikiElec,1.00,venus,34,0,1,11057,11057,1543,14650
WikiElec,1.00,venus,36,0,1,11098,11098,1543,13786
WikiElec,1.00,venus,39,0,1,11125,11125,1543,9238
WikiElec,1.00,venus,43,0,1,11070,11070,1543,8080
WikiElec,1.00,venus,40,0,1,11066,11066,1543,10732
WikiElec,1.00,venus,41,0,1,11070,11070,1543,10800
WikiElec,1.00,venus,37,0,1,11019,11019,1543,16395
WikiElec,1.00,venus,44,0,1,11531,11531,1543,8365
WikiElec,1.00,venus,45,0,1,11083,11083,1543,9363
WikiElec,1.00,venus,48,0,1,11085,11085,1543,8951
WikiElec,1.00,venus,42,0,1,11034,11034,1543,16578
WikiElec,1.00,venus,47,0,1,11064,11064,1543,11904
WikiElec,1.00,venus,46,0,1,11024,11024,1543,12830
WikiElec,1.00,venus,49,0,1,11072,11072,1543,9934
WikiElec,1.00,venus,50,0,1,11098,11098,1543,10068
WikiElec,0.90,gaia,9,1648,1,9054,10702,2351,4195
WikiElec,0.90,gaia,6,1648,1,9052,10700,2351,4383
WikiElec,0.90,gaia,4,1648,1,9050,10698,2351,4468
WikiElec,0.90,gaia,5,1648,1,9080,10728,2351,4583
WikiElec,0.90,gaia,1,1648,1,9042,10690,2351,4625
WikiElec,0.90,gaia,7,1648,1,9311,10959,2351,4639
WikiElec,0.90,gaia,2,1648,1,9311,10959,2351,5101
WikiElec,0.90,gaia,8,1648,1,9433,11081,2351,5993
WikiElec,0.90,gaia,12,1648,1,9233,10881,2351,3249
WikiElec,0.90,gaia,17,1648,1,9056,10704,2351,2684
WikiElec,0.90,gaia,14,1648,1,9093,10741,2351,3655
WikiElec,0.90,gaia,10,1648,1,9306,10954,2351,8312
WikiElec,0.90,gaia,16,1648,1,9235,10883,2351,3695
WikiElec,0.90,gaia,13,1648,1,9056,10704,2351,5592
WikiElec,0.90,gaia,11,1648,1,9064,10712,2351,6259
WikiElec,0.90,gaia,18,1648,1,9294,10942,2351,5123
WikiElec,0.90,gaia,22,1648,1,9314,10962,2351,3165
WikiElec,0.90,gaia,19,1648,1,9050,10698,2351,4194
WikiElec,0.90,gaia,21,1648,1,9068,10716,2351,3748
WikiElec,0.90,gaia,3,1648,1,9044,10692,2351,12573
WikiElec,0.90,gaia,15,1648,1,9292,10940,2351,8966
WikiElec,0.90,gaia,24,1648,1,9040,10688,2351,5008
WikiElec,0.90,gaia,26,1648,1,9004,10652,2351,4327
WikiElec,0.90,gaia,30,1648,1,9113,10761,2351,2927
WikiElec,0.90,gaia,27,1648,1,9313,10961,2351,4185
WikiElec,0.90,gaia,25,1648,1,9279,10927,2351,5334
WikiElec,0.90,gaia,23,1648,1,9250,10898,2351,8435
WikiElec,0.90,gaia,29,1648,1,9048,10696,2351,6612
WikiElec,0.90,gaia,20,1648,1,9267,10915,2351,11110
WikiElec,0.90,gaia,28,1648,1,9290,10938,2351,7467
WikiElec,0.90,gaia,32,1648,1,8993,10641,2351,4240
WikiElec,0.90,gaia,36,1648,1,9043,10691,2351,3657
WikiElec,0.90,gaia,31,1648,1,9041,10689,2351,7166
WikiElec,0.90,gaia,34,1648,1,9073,10721,2351,5632
WikiElec,0.90,gaia,39,1648,1,9124,10772,2351,2456
WikiElec,0.90,gaia,37,1648,1,9061,10709,2351,4677
WikiElec,0.90,gaia,38,1648,1,9062,10710,2351,3359
WikiElec,0.90,gaia,33,1648,1,9268,10916,2351,8464
WikiElec,0.90,gaia,47,1648,1,9055,10703,2351,2340
WikiElec,0.90,gaia,41,1648,1,9066,10714,2351,6005
WikiElec,0.90,gaia,35,1648,1,9295,10943,2351,10115
WikiElec,0.90,gaia,42,1648,1,9066,10714,2351,6845
WikiElec,0.90,gaia,44,1648,1,9064,10712,2351,6468
WikiElec,0.90,gaia,40,1648,1,9052,10700,2351,8419
WikiElec,0.90,gaia,43,1648,1,9069,10717,2351,7300
WikiElec,0.90,gaia,46,1648,1,9028,10676,2351,6715
WikiElec,0.90,gaia,45,1648,1,9058,10706,2351,6896
WikiElec,0.90,gaia,48,1648,1,9341,10989,2351,5031
WikiElec,0.90,gaia,49,1648,1,9307,10955,2351,4991
WikiElec,0.90,venus,1,1648,1,8991,10639,2351,3700
WikiElec,0.90,venus,3,1648,1,9091,10739,2351,4477
WikiElec,0.90,venus,4,1648,1,8992,10640,2351,4583
WikiElec,0.90,gaia,50,1648,1,9044,10692,2351,7044
WikiElec,0.90,venus,5,1648,1,8987,10635,2351,4623
WikiElec,0.90,venus,8,1648,1,9000,10648,2351,4019
WikiElec,0.90,venus,6,1648,1,8987,10635,2351,4951
WikiElec,0.90,venus,2,1648,1,9069,10717,2351,7267
WikiElec,0.90,venus,10,1648,1,9079,10727,2351,4268
WikiElec,0.90,venus,9,1648,1,8982,10630,2351,4676
WikiElec,0.90,venus,7,1648,1,8976,10624,2351,6297
WikiElec,0.90,venus,13,1648,1,9002,10650,2351,3198
WikiElec,0.90,venus,11,1648,1,8971,10619,2351,4323
WikiElec,0.90,venus,16,1648,1,9087,10735,2351,3666
WikiElec,0.90,venus,18,1648,1,9023,10671,2351,4336
WikiElec,0.90,venus,15,1648,1,9071,10719,2351,5670
WikiElec,0.90,venus,12,1648,1,9100,10748,2351,6391
WikiElec,0.90,venus,17,1648,1,9486,11134,2351,5200
WikiElec,0.90,venus,19,1648,1,9073,10721,2351,4988
WikiElec,0.90,venus,14,1648,1,8996,10644,2351,6328
WikiElec,0.90,venus,20,1648,1,8976,10624,2351,4600
WikiElec,0.90,venus,24,1648,1,9100,10748,2351,3373
WikiElec,0.90,venus,22,1648,1,9081,10729,2351,5477
WikiElec,0.90,venus,21,1648,1,8982,10630,2351,6339
WikiElec,0.90,venus,23,1648,1,8986,10634,2351,5213
WikiElec,0.90,venus,30,1648,1,8986,10634,2351,2996
WikiElec,0.90,venus,28,1648,1,8988,10636,2351,3293
WikiElec,0.90,venus,25,1648,1,8987,10635,2351,4364
WikiElec,0.90,venus,26,1648,1,8981,10629,2351,4605
WikiElec,0.90,venus,27,1648,1,8984,10632,2351,5101
WikiElec,0.90,venus,31,1648,1,8988,10636,2351,3555
WikiElec,0.90,venus,29,1648,1,9082,10730,2351,6026
WikiElec,0.90,venus,35,1648,1,9090,10738,2351,3400
WikiElec,0.90,venus,33,1648,1,8972,10620,2351,4259
WikiElec,0.90,venus,34,1648,1,9111,10759,2351,4526
WikiElec,0.90,venus,36,1648,1,8984,10632,2351,4393
WikiElec,0.90,venus,32,1648,1,8970,10618,2351,5606
WikiElec,0.90,venus,39,1648,1,9060,10708,2351,3643
WikiElec,0.90,venus,37,1648,1,8974,10622,2351,4536
WikiElec,0.90,venus,41,1648,1,8976,10624,2351,2950
WikiElec,0.90,venus,38,1648,1,9068,10716,2351,5351
WikiElec,0.90,venus,40,1648,1,9081,10729,2351,4194
WikiElec,0.90,venus,48,1648,1,9090,10738,2351,3243
WikiElec,0.90,venus,44,1648,1,8973,10621,2351,4340
WikiElec,0.90,venus,42,1648,1,8986,10634,2351,5848
WikiElec,0.90,venus,47,1648,1,8983,10631,2351,4133
WikiElec,0.90,venus,46,1648,1,8991,10639,2351,4268
WikiElec,0.90,venus,49,1648,1,8979,10627,2351,4216
WikiElec,0.90,venus,43,1648,1,9092,10740,2351,6179
WikiElec,0.90,venus,45,1648,1,8979,10627,2351,6056
WikiElec,0.90,venus,50,1648,1,8976,10624,2351,5353
WikiElec,0.80,gaia,2,4898,1,5830,10728,2594,1229
WikiElec,0.80,gaia,9,4898,1,5973,10871,2594,1267
WikiElec,0.80,gaia,5,4898,1,5994,10892,2594,2100
WikiElec,0.80,gaia,10,4898,1,5959,10857,2594,2129
WikiElec,0.80,gaia,6,4898,1,5945,10843,2594,2186
WikiElec,0.80,gaia,4,4898,1,5814,10712,2594,2289
WikiElec,0.80,gaia,8,4898,1,5823,10721,2594,2348
WikiElec,0.80,gaia,1,4898,1,5978,10876,2594,2353
WikiElec,0.80,gaia,12,4898,1,5963,10861,2594,1373
WikiElec,0.80,gaia,7,4898,1,5816,10714,2594,4029
WikiElec,0.80,gaia,16,4898,1,5817,10715,2594,1812
WikiElec,0.80,gaia,3,4898,1,5803,10701,2594,4147
WikiElec,0.80,gaia,18,4898,1,5924,10822,2594,1897
WikiElec,0.80,gaia,11,4898,1,5922,10820,2594,3146
WikiElec,0.80,gaia,17,4898,1,5753,10651,2594,2051
WikiElec,0.80,gaia,19,4898,1,5809,10707,2594,2066
WikiElec,0.80,gaia,14,4898,1,5822,10720,2594,2826
WikiElec,0.80,gaia,13,4898,1,5974,10872,2594,3129
WikiElec,0.80,gaia,15,4898,1,5933,10831,2594,3381
WikiElec,0.80,gaia,24,4898,1,5834,10732,2594,1371
WikiElec,0.80,gaia,22,4898,1,5827,10725,2594,1784
WikiElec,0.80,gaia,20,4898,1,5916,10814,2594,2136
WikiElec,0.80,gaia,23,4898,1,6002,10900,2594,2192
WikiElec,0.80,gaia,21,4898,1,5822,10720,2594,2505
WikiElec,0.80,gaia,25,4898,1,5825,10723,2594,2695
WikiElec,0.80,gaia,29,4898,1,5817,10715,2594,1840
WikiElec,0.80,gaia,26,4898,1,5743,10641,2594,2742
WikiElec,0.80,gaia,32,4898,1,5762,10660,2594,1717
WikiElec,0.80,gaia,35,4898,1,5820,10718,2594,1091
WikiElec,0.80,gaia,30,4898,1,5989,10887,2594,2547
WikiElec,0.80,gaia,28,4898,1,5808,10706,2594,3140
WikiElec,0.80,gaia,27,4898,1,5912,10810,2594,3470
WikiElec,0.80,gaia,31,4898,1,5811,10709,2594,2896
WikiElec,0.80,gaia,36,4898,1,5824,10722,2594,1822
WikiElec,0.80,gaia,33,4898,1,5749,10647,2594,2860
WikiElec,0.80,gaia,34,4898,1,5800,10698,2594,3118
WikiElec,0.80,gaia,41,4898,1,5769,10667,2594,1400
WikiElec,0.80,gaia,38,4898,1,6285,11183,2594,2102
WikiElec,0.80,gaia,40,4898,1,5835,10733,2594,1771
WikiElec,0.80,gaia,37,4898,1,5810,10708,2594,3012
WikiElec,0.80,gaia,43,4898,1,5832,10730,2594,2145
WikiElec,0.80,gaia,46,4898,1,5817,10715,2594,1839
WikiElec,0.80,gaia,42,4898,1,5926,10824,2594,3414
WikiElec,0.80,gaia,39,4898,1,5803,10701,2594,3815
WikiElec,0.80,gaia,48,4898,1,5814,10712,2594,2207
WikiElec,0.80,gaia,49,4898,1,5796,10694,2594,2459
WikiElec,0.80,gaia,47,4898,1,5753,10651,2594,2906
WikiElec,0.80,gaia,44,4898,1,6002,10900,2594,3446
WikiElec,0.80,gaia,45,4898,1,5914,10812,2594,3941
WikiElec,0.80,venus,1,4898,1,5742,10640,2594,2498
WikiElec,0.80,gaia,50,4898,1,5828,10726,2594,3092
WikiElec,0.80,venus,3,4898,1,5775,10673,2594,2114
WikiElec,0.80,venus,8,4898,1,5810,10708,2594,1698
WikiElec,0.80,venus,2,4898,1,5731,10629,2594,3073
WikiElec,0.80,venus,7,4898,1,5755,10653,2594,2148
WikiElec,0.80,venus,5,4898,1,5793,10691,2594,2650
WikiElec,0.80,venus,6,4898,1,5743,10641,2594,2818
WikiElec,0.80,venus,12,4898,1,5753,10651,2594,1824
WikiElec,0.80,venus,9,4898,1,5725,10623,2594,2630
WikiElec,0.80,venus,10,4898,1,5748,10646,2594,2627
WikiElec,0.80,venus,11,4898,1,5792,10690,2594,2816
WikiElec,0.80,venus,4,4898,1,5761,10659,2594,4436
WikiElec,0.80,venus,15,4898,1,5752,10650,2594,1933
WikiElec,0.80,venus,14,4898,1,5792,10690,2594,2321
WikiElec,0.80,venus,13,4898,1,5804,10702,2594,2676
WikiElec,0.80,venus,16,4898,1,5782,10680,2594,2428
WikiElec,0.80,venus,17,4898,1,5745,10643,2594,2316
WikiElec,0.80,venus,18,4898,1,5748,10646,2594,2078
WikiElec,0.80,venus,19,4898,1,5797,10695,2594,2013
WikiElec,0.80,venus,20,4898,1,5772,10670,2594,2187
WikiElec,0.80,venus,22,4898,1,5782,10680,2594,1988
WikiElec,0.80,venus,23,4898,1,5805,10703,2594,1972
WikiElec,0.80,venus,21,4898,1,5822,10720,2594,2513
WikiElec,0.80,venus,24,4898,1,5741,10639,2594,2017
WikiElec,0.80,venus,25,4898,1,5752,10650,2594,2201
WikiElec,0.80,venus,26,4898,1,5814,10712,2594,2221
WikiElec,0.80,venus,28,4898,1,5748,10646,2594,2098
WikiElec,0.80,venus,30,4898,1,5747,10645,2594,1839
WikiElec,0.80,venus,29,4898,1,5748,10646,2594,2297
WikiElec,0.80,venus,34,4898,1,5815,10713,2594,1655
WikiElec,0.80,venus,31,4898,1,5786,10684,2594,2299
WikiElec,0.80,venus,32,4898,1,5740,10638,2594,2130
WikiElec,0.80,venus,33,4898,1,5736,10634,2594,2198
WikiElec,0.80,venus,27,4898,1,5740,10638,2594,3492
WikiElec,0.80,venus,35,4898,1,5757,10655,2594,1920
WikiElec,0.80,venus,36,4898,1,5791,10689,2594,2317
WikiElec,0.80,venus,37,4898,1,5783,10681,2594,2752
WikiElec,0.80,venus,39,4898,1,5741,10639,2594,2526
WikiElec,0.80,venus,40,4898,1,5783,10681,2594,2192
WikiElec,0.80,venus,44,4898,1,5797,10695,2594,1942
WikiElec,0.80,venus,41,4898,1,5793,10691,2594,2394
WikiElec,0.80,venus,42,4898,1,5767,10665,2594,2302
WikiElec,0.80,venus,38,4898,1,5750,10648,2594,3748
WikiElec,0.80,venus,46,4898,1,5790,10688,2594,2152
WikiElec,0.80,venus,43,4898,1,5808,10706,2594,3076
WikiElec,0.80,venus,48,4898,1,5790,10688,2594,1614
WikiElec,0.80,venus,45,4898,1,5785,10683,2594,3195
WikiElec,0.80,venus,50,4898,1,5756,10654,2594,1403
WikiElec,0.80,venus,49,4898,1,5794,10692,2594,2446
WikiElec,0.80,venus,47,4898,1,5761,10659,2594,2982
WikiElec,0.70,gaia,8,8210,1,2760,10970,2695,546
WikiElec,0.70,gaia,2,8210,1,2815,11025,2695,913
WikiElec,0.70,gaia,7,8210,1,2672,10882,2695,931
WikiElec,0.70,gaia,6,8210,1,2794,11004,2695,1034
WikiElec,0.70,gaia,4,8210,1,2702,10912,2695,1116
WikiElec,0.70,gaia,5,8210,1,2743,10953,2695,1136
WikiElec,0.70,gaia,1,8210,1,2700,10910,2695,1263
WikiElec,0.70,gaia,9,8210,1,2713,10923,2695,1370
WikiElec,0.70,gaia,12,8210,1,2898,11108,2695,827
WikiElec,0.70,gaia,11,8210,1,2679,10889,2695,1234
WikiElec,0.70,gaia,16,8210,1,2868,11078,2695,671
WikiElec,0.70,gaia,13,8210,1,2669,10879,2695,978
WikiElec,0.70,gaia,10,8210,1,2702,10912,2695,2100
WikiElec,0.70,gaia,14,8210,1,2786,10996,2695,1186
WikiElec,0.70,gaia,18,8210,1,2807,11017,2695,1006
WikiElec,0.70,gaia,3,8210,1,2753,10963,2695,2435
WikiElec,0.70,gaia,20,8210,1,2699,10909,2695,787
WikiElec,0.70,gaia,17,8210,1,2851,11061,2695,1541
WikiElec,0.70,gaia,22,8210,1,2878,11088,2695,958
WikiElec,0.70,gaia,19,8210,1,2690,10900,2695,1172
WikiElec,0.70,gaia,24,8210,1,2697,10907,2695,1001
WikiElec,0.70,gaia,21,8210,1,2675,10885,2695,1461
WikiElec,0.70,gaia,26,8210,1,2673,10883,2695,927
WikiElec,0.70,gaia,15,8210,1,2668,10878,2695,2353
WikiElec,0.70,gaia,28,8210,1,2706,10916,2695,683
WikiElec,0.70,gaia,29,8210,1,2802,11012,2695,743
WikiElec,0.70,gaia,30,8210,1,2666,10876,2695,721
WikiElec,0.70,gaia,27,8210,1,2685,10895,2695,1135
WikiElec,0.70,gaia,25,8210,1,2673,10883,2695,1398
WikiElec,0.70,gaia,34,8210,1,2693,10903,2695,631
WikiElec,0.70,gaia,32,8210,1,2848,11058,2695,1109
WikiElec,0.70,gaia,23,8210,1,2682,10892,2695,2420
WikiElec,0.70,gaia,33,8210,1,2776,10986,2695,1166
WikiElec,0.70,gaia,35,8210,1,2659,10869,2695,1134
WikiElec,0.70,gaia,38,8210,1,2840,11050,2695,1065
WikiElec,0.70,gaia,31,8210,1,2873,11083,2695,1598
WikiElec,0.70,gaia,36,8210,1,2803,11013,2695,1245
WikiElec,0.70,gaia,45,8210,1,2703,10913,2695,579
WikiElec,0.70,gaia,44,8210,1,2820,11030,2695,1029
WikiElec,0.70,gaia,37,8210,1,2666,10876,2695,2052
WikiElec,0.70,gaia,42,8210,1,2679,10889,2695,1177
WikiElec,0.70,gaia,41,8210,1,2676,10886,2695,1409
WikiElec,0.70,gaia,40,8210,1,2689,10899,2695,1707
WikiElec,0.70,gaia,43,8210,1,2784,10994,2695,1528
WikiElec,0.70,gaia,46,8210,1,2668,10878,2695,1295
WikiElec,0.70,gaia,39,8210,1,2728,10938,2695,2426
WikiElec,0.70,gaia,49,8210,1,2653,10863,2695,665
WikiElec,0.70,gaia,50,8210,1,2739,10949,2695,771
WikiElec,0.70,gaia,47,8210,1,2712,10922,2695,1778
WikiElec,0.70,gaia,48,8210,1,2782,10992,2695,1534
WikiElec,0.70,venus,4,8210,1,2673,10883,2695,1072
WikiElec,0.70,venus,5,8210,1,2673,10883,2695,1009
WikiElec,0.70,venus,3,8210,1,2694,10904,2695,1328
WikiElec,0.70,venus,1,8210,1,2777,10987,2695,1533
WikiElec,0.70,venus,2,8210,1,2653,10863,2695,1660
WikiElec,0.70,venus,6,8210,1,2661,10871,2695,1333
WikiElec,0.70,venus,7,8210,1,2664,10874,2695,1263
WikiElec,0.70,venus,8,8210,1,2695,10905,2695,1185
WikiElec,0.70,venus,10,8210,1,2655,10865,2695,981
WikiElec,0.70,venus,14,8210,1,2665,10875,2695,834
WikiElec,0.70,venus,11,8210,1,2655,10865,2695,948
WikiElec,0.70,venus,12,8210,1,2654,10864,2695,965
WikiElec,0.70,venus,17,8210,1,2696,10906,2695,828
WikiElec,0.70,venus,15,8210,1,2663,10873,2695,978
WikiElec,0.70,venus,9,8210,1,2655,10865,2695,1862
WikiElec,0.70,venus,13,8210,1,2656,10866,2695,1487
WikiElec,0.70,venus,16,8210,1,2693,10903,2695,1294
WikiElec,0.70,venus,18,8210,1,2709,10919,2695,1338
WikiElec,0.70,venus,21,8210,1,2676,10886,2695,1092
WikiElec,0.70,venus,22,8210,1,2661,10871,2695,1130
WikiElec,0.70,venus,26,8210,1,2659,10869,2695,916
WikiElec,0.70,venus,19,8210,1,2661,10871,2695,1679
WikiElec,0.70,venus,24,8210,1,2679,10889,2695,1131
WikiElec,0.70,venus,23,8210,1,2642,10852,2695,1213
WikiElec,0.70,venus,25,8210,1,2674,10884,2695,1175
WikiElec,0.70,venus,28,8210,1,2677,10887,2695,757
WikiElec,0.70,venus,20,8210,1,2670,10880,2695,1683
WikiElec,0.70,venus,27,8210,1,2758,10968,2695,1130
WikiElec,0.70,venus,30,8210,1,2687,10897,2695,974
WikiElec,0.70,venus,29,8210,1,2657,10867,2695,1314
WikiElec,0.70,venus,33,8210,1,2665,10875,2695,1092
WikiElec,0.70,venus,34,8210,1,2639,10849,2695,1088
WikiElec,0.70,venus,32,8210,1,2679,10889,2695,1182
WikiElec,0.70,venus,31,8210,1,2654,10864,2695,1381
WikiElec,0.70,venus,36,8210,1,2799,11009,2695,1266
WikiElec,0.70,venus,35,8210,1,2642,10852,2695,1338
WikiElec,0.70,venus,37,8210,1,2658,10868,2695,1271
WikiElec,0.70,venus,39,8210,1,2656,10866,2695,1282
WikiElec,0.70,venus,41,8210,1,2689,10899,2695,1033
WikiElec,0.70,venus,40,8210,1,2628,10838,2695,1214
WikiElec,0.70,venus,38,8210,1,2678,10888,2695,1768
WikiElec,0.70,venus,43,8210,1,2648,10858,2695,1076
WikiElec,0.70,venus,44,8210,1,2660,10870,2695,1013
WikiElec,0.70,venus,47,8210,1,2682,10892,2695,940
WikiElec,0.70,venus,45,8210,1,2670,10880,2695,960
WikiElec,0.70,venus,42,8210,1,2627,10837,2695,1769
WikiElec,0.70,venus,46,8210,1,2647,10857,2695,1508
WikiElec,0.70,venus,48,8210,1,2681,10891,2695,1286
WikiElec,0.70,venus,49,8210,1,2674,10884,2695,1149
WikiElec,0.70,venus,50,8210,1,2661,10871,2695,1195
WikiElec,0.60,gaia,3,11624,0,0,11624,2683,0
WikiElec,0.60,gaia,1,11624,0,0,11624,2683,0
WikiElec,0.60,gaia,2,11624,0,0,11624,2683,0
WikiElec,0.60,gaia,10,11624,0,0,11624,2683,0
WikiElec,0.60,gaia,7,11624,0,0,11624,2683,0
WikiElec,0.60,gaia,6,11624,0,0,11624,2683,0
WikiElec,0.60,gaia,8,11624,0,0,11624,2683,0
WikiElec,0.60,gaia,12,11624,0,0,11624,2683,0
WikiElec,0.60,gaia,5,11624,0,0,11624,2683,0
WikiElec,0.60,gaia,4,11624,0,0,11624,2683,0
WikiElec,0.60,gaia,9,11624,0,0,11624,2683,0
WikiElec,0.60,gaia,11,11624,0,0,11624,2683,0
WikiElec,0.60,gaia,14,11624,0,0,11624,2683,0
WikiElec,0.60,gaia,13,11624,0,0,11624,2683,0
WikiElec,0.60,gaia,15,11624,0,0,11624,2683,0
WikiElec,0.60,gaia,17,11624,0,0,11624,2683,0
WikiElec,0.60,gaia,16,11624,0,0,11624,2683,0
WikiElec,0.60,gaia,19,11624,0,0,11624,2683,0
WikiElec,0.60,gaia,20,11624,0,0,11624,2683,0
WikiElec,0.60,gaia,18,11624,0,0,11624,2683,0
WikiElec,0.60,gaia,21,11624,0,0,11624,2683,0
WikiElec,0.60,gaia,22,11624,0,0,11624,2683,0
WikiElec,0.60,gaia,23,11624,0,0,11624,2683,0
WikiElec,0.60,gaia,24,11624,0,0,11624,2683,0
WikiElec,0.60,gaia,25,11624,0,0,11624,2683,0
WikiElec,0.60,gaia,28,11624,0,0,11624,2683,0
WikiElec,0.60,gaia,29,11624,0,0,11624,2683,0
WikiElec,0.60,gaia,27,11624,0,0,11624,2683,0
WikiElec,0.60,gaia,26,11624,0,0,11624,2683,0
WikiElec,0.60,gaia,30,11624,0,0,11624,2683,0
WikiElec,0.60,gaia,32,11624,0,0,11624,2683,0
WikiElec,0.60,gaia,31,11624,0,0,11624,2683,0
WikiElec,0.60,gaia,33,11624,0,0,11624,2683,0
WikiElec,0.60,gaia,34,11624,0,0,11624,2683,0
WikiElec,0.60,gaia,35,11624,0,0,11624,2683,0
WikiElec,0.60,gaia,41,11624,0,0,11624,2683,0
WikiElec,0.60,gaia,37,11624,0,0,11624,2683,0
WikiElec,0.60,gaia,38,11624,0,0,11624,2683,0
WikiElec,0.60,gaia,36,11624,0,0,11624,2683,0
WikiElec,0.60,gaia,39,11624,0,0,11624,2683,0
WikiElec,0.60,gaia,42,11624,0,0,11624,2683,0
WikiElec,0.60,gaia,40,11624,0,0,11624,2683,0
WikiElec,0.60,gaia,43,11624,0,0,11624,2683,0
WikiElec,0.60,gaia,45,11624,0,0,11624,2683,0
WikiElec,0.60,gaia,44,11624,0,0,11624,2683,0
WikiElec,0.60,gaia,49,11624,0,0,11624,2683,0
WikiElec,0.60,gaia,46,11624,0,0,11624,2683,0
WikiElec,0.60,gaia,47,11624,0,0,11624,2683,0
WikiElec,0.60,gaia,48,11624,0,0,11624,2683,0
WikiElec,0.60,gaia,50,11624,0,0,11624,2683,0
WikiElec,0.60,venus,1,11624,0,0,11624,2683,0
WikiElec,0.60,venus,3,11624,0,0,11624,2683,0
WikiElec,0.60,venus,2,11624,0,0,11624,2683,0
WikiElec,0.60,venus,4,11624,0,0,11624,2683,0
WikiElec,0.60,venus,5,11624,0,0,11624,2683,0
WikiElec,0.60,venus,6,11624,0,0,11624,2683,0
WikiElec,0.60,venus,7,11624,0,0,11624,2683,0
WikiElec,0.60,venus,8,11624,0,0,11624,2683,0
WikiElec,0.60,venus,9,11624,0,0,11624,2683,0
WikiElec,0.60,venus,10,11624,0,0,11624,2683,0
WikiElec,0.60,venus,11,11624,0,0,11624,2683,0
WikiElec,0.60,venus,13,11624,0,0,11624,2683,0
WikiElec,0.60,venus,14,11624,0,0,11624,2683,0
WikiElec,0.60,venus,12,11624,0,0,11624,2683,0
WikiElec,0.60,venus,15,11624,0,0,11624,2683,0
WikiElec,0.60,venus,16,11624,0,0,11624,2683,0
WikiElec,0.60,venus,17,11624,0,0,11624,2683,0
WikiElec,0.60,venus,18,11624,0,0,11624,2683,0
WikiElec,0.60,venus,19,11624,0,0,11624,2683,0
WikiElec,0.60,venus,22,11624,0,0,11624,2683,0
WikiElec,0.60,venus,21,11624,0,0,11624,2683,0
WikiElec,0.60,venus,20,11624,0,0,11624,2683,0
WikiElec,0.60,venus,23,11624,0,0,11624,2683,0
WikiElec,0.60,venus,25,11624,0,0,11624,2683,0
WikiElec,0.60,venus,24,11624,0,0,11624,2683,0
WikiElec,0.60,venus,26,11624,0,0,11624,2683,0
WikiElec,0.60,venus,27,11624,0,0,11624,2683,0
WikiElec,0.60,venus,28,11624,0,0,11624,2683,0
WikiElec,0.60,venus,29,11624,0,0,11624,2683,0
WikiElec,0.60,venus,30,11624,0,0,11624,2683,0
WikiElec,0.60,venus,33,11624,0,0,11624,2683,0
WikiElec,0.60,venus,34,11624,0,0,11624,2683,0
WikiElec,0.60,venus,32,11624,0,0,11624,2683,0
WikiElec,0.60,venus,31,11624,0,0,11624,2683,0
WikiElec,0.60,venus,36,11624,0,0,11624,2683,0
WikiElec,0.60,venus,37,11624,0,0,11624,2683,0
WikiElec,0.60,venus,35,11624,0,0,11624,2683,0
WikiElec,0.60,venus,38,11624,0,0,11624,2683,0
WikiElec,0.60,venus,39,11624,0,0,11624,2683,0
WikiElec,0.60,venus,42,11624,0,0,11624,2683,0
WikiElec,0.60,venus,41,11624,0,0,11624,2683,0
WikiElec,0.60,venus,40,11624,0,0,11624,2683,0
WikiElec,0.60,venus,45,11624,0,0,11624,2683,0
WikiElec,0.60,venus,47,11624,0,0,11624,2683,0
WikiElec,0.60,venus,46,11624,0,0,11624,2683,0
WikiElec,0.60,venus,43,11624,0,0,11624,2683,0
WikiElec,0.60,venus,48,11624,0,0,11624,2683,0
WikiElec,0.60,venus,44,11624,0,0,11624,2683,0
WikiElec,0.60,venus,49,11624,0,0,11624,2683,0
WikiElec,0.60,venus,50,11624,0,0,11624,2683,0
WikiElec,0.50,gaia,1,11624,0,0,11624,2648,0
WikiElec,0.50,gaia,3,11624,0,0,11624,2648,0
WikiElec,0.50,gaia,2,11624,0,0,11624,2648,0
WikiElec,0.50,gaia,5,11624,0,0,11624,2648,0
WikiElec,0.50,gaia,7,11624,0,0,11624,2648,0
WikiElec,0.50,gaia,9,11624,0,0,11624,2648,0
WikiElec,0.50,gaia,6,11624,0,0,11624,2648,0
WikiElec,0.50,gaia,8,11624,0,0,11624,2648,0
WikiElec,0.50,gaia,4,11624,0,0,11624,2648,0
WikiElec,0.50,gaia,10,11624,0,0,11624,2648,0
WikiElec,0.50,gaia,11,11624,0,0,11624,2648,0
WikiElec,0.50,gaia,15,11624,0,0,11624,2648,0
WikiElec,0.50,gaia,13,11624,0,0,11624,2648,0
WikiElec,0.50,gaia,14,11624,0,0,11624,2648,0
WikiElec,0.50,gaia,12,11624,0,0,11624,2648,0
WikiElec,0.50,gaia,17,11624,0,0,11624,2648,0
WikiElec,0.50,gaia,16,11624,0,0,11624,2648,0
WikiElec,0.50,gaia,20,11624,0,0,11624,2648,0
WikiElec,0.50,gaia,18,11624,0,0,11624,2648,0
WikiElec,0.50,gaia,19,11624,0,0,11624,2648,0
WikiElec,0.50,gaia,21,11624,0,0,11624,2648,0
WikiElec,0.50,gaia,23,11624,0,0,11624,2648,0
WikiElec,0.50,gaia,24,11624,0,0,11624,2648,0
WikiElec,0.50,gaia,22,11624,0,0,11624,2648,0
WikiElec,0.50,gaia,25,11624,0,0,11624,2648,0
WikiElec,0.50,gaia,27,11624,0,0,11624,2648,0
WikiElec,0.50,gaia,26,11624,0,0,11624,2648,0
WikiElec,0.50,gaia,28,11624,0,0,11624,2648,0
WikiElec,0.50,gaia,29,11624,0,0,11624,2648,0
WikiElec,0.50,gaia,30,11624,0,0,11624,2648,0
WikiElec,0.50,gaia,31,11624,0,0,11624,2648,0
WikiElec,0.50,gaia,32,11624,0,0,11624,2648,0
WikiElec,0.50,gaia,33,11624,0,0,11624,2648,0
WikiElec,0.50,gaia,36,11624,0,0,11624,2648,0
WikiElec,0.50,gaia,38,11624,0,0,11624,2648,0
WikiElec,0.50,gaia,34,11624,0,0,11624,2648,0
WikiElec,0.50,gaia,37,11624,0,0,11624,2648,0
WikiElec,0.50,gaia,35,11624,0,0,11624,2648,0
WikiElec,0.50,gaia,39,11624,0,0,11624,2648,0
WikiElec,0.50,gaia,41,11624,0,0,11624,2648,0
WikiElec,0.50,gaia,40,11624,0,0,11624,2648,0
WikiElec,0.50,gaia,42,11624,0,0,11624,2648,0
WikiElec,0.50,gaia,43,11624,0,0,11624,2648,0
WikiElec,0.50,gaia,44,11624,0,0,11624,2648,0
WikiElec,0.50,gaia,46,11624,0,0,11624,2648,0
WikiElec,0.50,gaia,45,11624,0,0,11624,2648,0
WikiElec,0.50,gaia,47,11624,0,0,11624,2648,0
WikiElec,0.50,gaia,48,11624,0,0,11624,2648,0
WikiElec,0.50,gaia,50,11624,0,0,11624,2648,0
WikiElec,0.50,venus,2,11624,0,0,11624,2648,0
WikiElec,0.50,gaia,49,11624,0,0,11624,2648,0
WikiElec,0.50,venus,1,11624,0,0,11624,2648,0
WikiElec,0.50,venus,4,11624,0,0,11624,2648,0
WikiElec,0.50,venus,3,11624,0,0,11624,2648,0
WikiElec,0.50,venus,6,11624,0,0,11624,2648,0
WikiElec,0.50,venus,5,11624,0,0,11624,2648,0
WikiElec,0.50,venus,7,11624,0,0,11624,2648,0
WikiElec,0.50,venus,8,11624,0,0,11624,2648,0
WikiElec,0.50,venus,9,11624,0,0,11624,2648,0
WikiElec,0.50,venus,11,11624,0,0,11624,2648,0
WikiElec,0.50,venus,10,11624,0,0,11624,2648,0
WikiElec,0.50,venus,13,11624,0,0,11624,2648,0
WikiElec,0.50,venus,12,11624,0,0,11624,2648,0
WikiElec,0.50,venus,16,11624,0,0,11624,2648,0
WikiElec,0.50,venus,14,11624,0,0,11624,2648,0
WikiElec,0.50,venus,17,11624,0,0,11624,2648,0
WikiElec,0.50,venus,15,11624,0,0,11624,2648,0
WikiElec,0.50,venus,18,11624,0,0,11624,2648,0
WikiElec,0.50,venus,20,11624,0,0,11624,2648,0
WikiElec,0.50,venus,19,11624,0,0,11624,2648,0
WikiElec,0.50,venus,21,11624,0,0,11624,2648,0
WikiElec,0.50,venus,24,11624,0,0,11624,2648,0
WikiElec,0.50,venus,22,11624,0,0,11624,2648,0
WikiElec,0.50,venus,26,11624,0,0,11624,2648,0
WikiElec,0.50,venus,27,11624,0,0,11624,2648,0
WikiElec,0.50,venus,25,11624,0,0,11624,2648,0
WikiElec,0.50,venus,23,11624,0,0,11624,2648,0
WikiElec,0.50,venus,28,11624,0,0,11624,2648,0
WikiElec,0.50,venus,29,11624,0,0,11624,2648,0
WikiElec,0.50,venus,30,11624,0,0,11624,2648,0
WikiElec,0.50,venus,31,11624,0,0,11624,2648,0
WikiElec,0.50,venus,32,11624,0,0,11624,2648,0
WikiElec,0.50,venus,33,11624,0,0,11624,2648,0
WikiElec,0.50,venus,34,11624,0,0,11624,2648,0
WikiElec,0.50,venus,35,11624,0,0,11624,2648,0
WikiElec,0.50,venus,37,11624,0,0,11624,2648,0
WikiElec,0.50,venus,39,11624,0,0,11624,2648,0
WikiElec,0.50,venus,36,11624,0,0,11624,2648,0
WikiElec,0.50,venus,38,11624,0,0,11624,2648,0
WikiElec,0.50,venus,40,11624,0,0,11624,2648,0
WikiElec,0.50,venus,41,11624,0,0,11624,2648,0
WikiElec,0.50,venus,42,11624,0,0,11624,2648,0
WikiElec,0.50,venus,45,11624,0,0,11624,2648,0
WikiElec,0.50,venus,43,11624,0,0,11624,2648,0
WikiElec,0.50,venus,44,11624,0,0,11624,2648,0
WikiElec,0.50,venus,46,11624,0,0,11624,2648,0
WikiElec,0.50,venus,47,11624,0,0,11624,2648,0
WikiElec,0.50,venus,48,11624,0,0,11624,2648,0
WikiElec,0.50,venus,50,11624,0,0,11624,2648,0
WikiElec,0.50,venus,49,11624,0,0,11624,2648,0
Bundestag,1.00,gaia,3,0,1,11609,11609,2579,8987
Bundestag,1.00,gaia,1,0,1,11532,11532,2579,9424
Bundestag,1.00,gaia,8,0,1,11555,11555,2579,9708
Bundestag,1.00,gaia,6,0,1,11532,11532,2579,9727
Bundestag,1.00,gaia,2,0,1,11609,11609,2579,9776
Bundestag,1.00,gaia,5,0,1,11606,11606,2579,9867
Bundestag,1.00,gaia,10,0,1,11532,11532,2579,10039
Bundestag,1.00,gaia,9,0,1,11532,11532,2579,10082
Bundestag,1.00,gaia,7,0,1,11606,11606,2579,10495
Bundestag,1.00,gaia,4,0,1,11555,11555,2579,11526
Bundestag,1.00,gaia,13,0,1,2682,2682,2579,8939
Bundestag,1.00,gaia,11,0,1,2682,2682,2579,9962
Bundestag,1.00,gaia,12,0,1,11532,11532,2579,9838
Bundestag,1.00,gaia,18,0,1,11606,11606,2579,9802
Bundestag,1.00,gaia,16,0,1,11606,11606,2579,10184
Bundestag,1.00,gaia,19,0,1,11555,11555,2579,10551
Bundestag,1.00,gaia,20,0,1,11532,11532,2579,9987
Bundestag,1.00,gaia,17,0,1,2542,2542,2579,12559
Bundestag,1.00,gaia,15,0,1,2660,2660,2579,13077
Bundestag,1.00,gaia,14,0,1,11598,11598,2579,15788
Bundestag,1.00,gaia,21,0,1,2651,2651,2579,8705
Bundestag,1.00,gaia,24,0,1,2049,2049,2579,7860
Bundestag,1.00,gaia,23,0,1,11606,11606,2579,9672
Bundestag,1.00,gaia,22,0,1,11532,11532,2579,10220
Bundestag,1.00,gaia,25,0,1,11532,11532,2579,10340
Bundestag,1.00,gaia,27,0,1,11606,11606,2579,9560
Bundestag,1.00,gaia,30,0,1,11532,11532,2579,9860
Bundestag,1.00,gaia,26,0,1,11553,11553,2579,14826
Bundestag,1.00,gaia,28,0,1,11555,11555,2579,13500
Bundestag,1.00,gaia,31,0,1,11532,11532,2579,10383
Bundestag,1.00,gaia,32,0,1,11532,11532,2579,10170
Bundestag,1.00,gaia,34,0,1,2626,2626,2579,8753
Bundestag,1.00,gaia,33,0,1,11606,11606,2579,9588
Bundestag,1.00,gaia,29,0,1,2542,2542,2579,16532
Bundestag,1.00,gaia,35,0,1,2660,2660,2579,10386
Bundestag,1.00,gaia,36,0,1,11555,11555,2579,12059
Bundestag,1.00,gaia,37,0,1,11609,11609,2579,9132
Bundestag,1.00,gaia,38,0,1,2189,2189,2579,9286
Bundestag,1.00,gaia,39,0,1,11532,11532,2579,10368
Bundestag,1.00,gaia,42,0,1,11532,11532,2579,9467
Bundestag,1.00,gaia,40,0,1,11532,11532,2579,9757
Bundestag,1.00,gaia,41,0,1,11609,11609,2579,9585
Bundestag,1.00,gaia,43,0,1,11532,11532,2579,9809
Bundestag,1.00,gaia,44,0,1,11553,11553,2579,11130
Bundestag,1.00,gaia,45,0,1,11555,11555,2579,9754
Bundestag,1.00,gaia,47,0,1,11606,11606,2579,8560
Bundestag,1.00,gaia,46,0,1,11532,11532,2579,10055
Bundestag,1.00,gaia,49,0,1,11609,11609,2579,8949
Bundestag,1.00,gaia,50,0,1,11534,11534,2579,9869
Bundestag,1.00,gaia,48,0,1,2682,2682,2579,13475
Bundestag,1.00,venus,2,0,1,967,967,2579,18007
Bundestag,1.00,venus,4,0,1,989,989,2579,17791
Bundestag,1.00,venus,3,0,1,2128,2128,2579,20068
Bundestag,1.00,venus,6,0,1,967,967,2579,17219
Bundestag,1.00,venus,7,0,1,989,989,2579,18111
Bundestag,1.00,venus,1,0,1,11532,11532,2579,26637
Bundestag,1.00,venus,9,0,1,967,967,2579,17256
Bundestag,1.00,venus,5,0,1,968,968,2579,24883
Bundestag,1.00,venus,10,0,1,967,967,2579,17151
Bundestag,1.00,venus,8,0,1,967,967,2579,21072
Bundestag,1.00,venus,11,0,1,967,967,2579,17814
Bundestag,1.00,venus,13,0,1,967,967,2579,19899
Bundestag,1.00,venus,15,0,1,968,968,2579,17874
Bundestag,1.00,venus,14,0,1,968,968,2579,18969
Bundestag,1.00,venus,17,0,1,967,967,2579,17068
Bundestag,1.00,venus,12,0,1,11532,11532,2579,24085
Bundestag,1.00,venus,18,0,1,989,989,2579,17456
Bundestag,1.00,venus,19,0,1,968,968,2579,19058
Bundestag,1.00,venus,16,0,1,967,967,2579,23501
Bundestag,1.00,venus,20,0,1,967,967,2579,22210
Bundestag,1.00,venus,21,0,1,967,967,2579,16938
Bundestag,1.00,venus,24,0,1,968,968,2579,17425
Bundestag,1.00,venus,23,0,1,967,967,2579,20557
Bundestag,1.00,venus,25,0,1,968,968,2579,18462
Bundestag,1.00,venus,22,0,1,967,967,2579,21805
Bundestag,1.00,venus,27,0,1,967,967,2579,17434
Bundestag,1.00,venus,28,0,1,11552,11552,2579,15761
Bundestag,1.00,venus,26,0,1,968,968,2579,18289
Bundestag,1.00,venus,30,0,1,11552,11552,2579,17534
Bundestag,1.00,venus,29,0,1,967,967,2579,20569
Bundestag,1.00,venus,31,0,1,1003,1003,2579,18793
Bundestag,1.00,venus,33,0,1,967,967,2579,17689
Bundestag,1.00,venus,32,0,1,967,967,2579,21450
Bundestag,1.00,venus,35,0,1,967,967,2579,18291
Bundestag,1.00,venus,37,0,1,989,989,2579,18580
Bundestag,1.00,venus,34,0,1,967,967,2579,20500
Bundestag,1.00,venus,38,0,1,967,967,2579,20369
Bundestag,1.00,venus,36,0,1,967,967,2579,22616
Bundestag,1.00,venus,39,0,1,989,989,2579,21047
Bundestag,1.00,venus,41,0,1,967,967,2579,26613
Bundestag,1.00,venus,43,0,1,1003,1003,2579,17919
Bundestag,1.00,venus,47,0,1,11552,11552,2579,16043
Bundestag,1.00,venus,40,0,1,11532,11532,2579,29376
Bundestag,1.00,venus,42,0,1,967,967,2579,20278
Bundestag,1.00,venus,44,0,1,967,967,2579,19744
Bundestag,1.00,venus,46,0,1,1004,1004,2579,17706
Bundestag,1.00,venus,48,0,1,967,967,2579,18281
Bundestag,1.00,venus,45,0,1,968,968,2579,23041
Bundestag,1.00,venus,49,0,1,1003,1003,2579,16586
Bundestag,1.00,venus,50,0,1,967,967,2579,16977
Bundestag,0.90,gaia,6,6853,1,2044,8897,16701,5500
Bundestag,0.90,gaia,3,6853,1,2044,8897,16701,5813
Bundestag,0.90,gaia,9,6853,1,2044,8897,16701,5814
Bundestag,0.90,gaia,7,6853,1,2044,8897,16701,6062
Bundestag,0.90,gaia,2,6853,1,8063,14916,16701,6662
Bundestag,0.90,gaia,4,6853,1,8063,14916,16701,6679
Bundestag,0.90,gaia,5,6853,1,8063,14916,16701,6894
Bundestag,0.90,gaia,8,6853,1,8042,14895,16701,7095
Bundestag,0.90,gaia,10,6853,1,2025,8878,16701,7357
Bundestag,0.90,gaia,1,6853,1,2042,8895,16701,7574
Bundestag,0.90,gaia,14,6853,1,2044,8897,16701,6248
Bundestag,0.90,gaia,13,6853,1,8042,14895,16701,6829
Bundestag,0.90,gaia,18,6853,1,2025,8878,16701,5569
Bundestag,0.90,gaia,11,6853,1,8042,14895,16701,7170
Bundestag,0.90,gaia,12,6853,1,8063,14916,16701,7504
Bundestag,0.90,gaia,16,6853,1,8063,14916,16701,6928
Bundestag,0.90,gaia,15,6853,1,8042,14895,16701,7175
Bundestag,0.90,gaia,17,6853,1,8042,14895,16701,6979
Bundestag,0.90,gaia,20,6853,1,2044,8897,16701,6318
Bundestag,0.90,gaia,19,6853,1,8063,14916,16701,7229
Bundestag,0.90,gaia,21,6853,1,2044,8897,16701,6180
Bundestag,0.90,gaia,22,6853,1,617,7470,16701,6194
Bundestag,0.90,gaia,23,6853,1,8063,14916,16701,6687
Bundestag,0.90,gaia,24,6853,1,8074,14927,16701,6696
Bundestag,0.90,gaia,25,6853,1,8035,14888,16701,6527
Bundestag,0.90,gaia,27,6853,1,2025,8878,16701,6104
Bundestag,0.90,gaia,28,6853,1,8074,14927,16701,6510
Bundestag,0.90,gaia,26,6853,1,8063,14916,16701,6995
Bundestag,0.90,gaia,29,6853,1,8063,14916,16701,7423
Bundestag,0.90,gaia,30,6853,1,8035,14888,16701,6743
Bundestag,0.90,gaia,34,6853,1,2044,8897,16701,5895
Bundestag,0.90,gaia,31,6853,1,8063,14916,16701,7114
Bundestag,0.90,gaia,33,6853,1,8042,14895,16701,7025
Bundestag,0.90,gaia,40,6853,1,1482,8335,16701,5353
Bundestag,0.90,gaia,35,6853,1,8042,14895,16701,6852
Bundestag,0.90,gaia,32,6853,1,2044,8897,16701,7989
Bundestag,0.90,gaia,36,6853,1,8042,14895,16701,6961
Bundestag,0.90,gaia,38,6853,1,8074,14927,16701,6966
Bundestag,0.90,gaia,39,6853,1,8063,14916,16701,7324
Bundestag,0.90,gaia,37,6853,1,8042,14895,16701,8468
Bundestag,0.90,gaia,41,6853,1,8063,14916,16701,7094
Bundestag,0.90,gaia,45,6853,1,613,7466,16701,6259
Bundestag,0.90,gaia,43,6853,1,613,7466,16701,6593
Bundestag,0.90,gaia,44,6853,1,8063,14916,16701,6880
Bundestag,0.90,gaia,46,6853,1,8074,14927,16701,6906
Bundestag,0.90,gaia,48,6853,1,2044,8897,16701,6167
Bundestag,0.90,gaia,47,6853,1,8042,14895,16701,6996
Bundestag,0.90,gaia,50,6853,1,8063,14916,16701,6823
Bundestag,0.90,gaia,49,6853,1,8063,14916,16701,7063
Bundestag,0.90,gaia,42,6853,1,2025,8878,16701,11124
Bundestag,0.90,venus,3,6853,1,8074,14927,16701,10583
Bundestag,0.90,venus,1,6853,1,1810,8663,16701,12804
Bundestag,0.90,venus,4,6853,1,1810,8663,16701,11794
Bundestag,0.90,venus,2,6853,1,1810,8663,16701,13348
Bundestag,0.90,venus,5,6853,1,1810,8663,16701,12747
Bundestag,0.90,venus,6,6853,1,1810,8663,16701,12897
Bundestag,0.90,venus,8,6853,1,1829,8682,16701,11107
Bundestag,0.90,venus,9,6853,1,1810,8663,16701,12192
Bundestag,0.90,venus,10,6853,1,1829,8682,16701,13018
Bundestag,0.90,venus,7,6853,1,5907,12760,16701,17440
Bundestag,0.90,venus,16,6853,1,598,7451,16701,9168
Bundestag,0.90,venus,11,6853,1,598,7451,16701,12307
Bundestag,0.90,venus,17,6853,1,1829,8682,16701,9786
Bundestag,0.90,venus,13,6853,1,1810,8663,16701,12516
Bundestag,0.90,venus,12,6853,1,1829,8682,16701,13100
Bundestag,0.90,venus,14,6853,1,1810,8663,16701,12350
Bundestag,0.90,venus,15,6853,1,1829,8682,16701,13061
Bundestag,0.90,venus,19,6853,1,598,7451,16701,11541
Bundestag,0.90,venus,18,6853,1,8042,14895,16701,13546
Bundestag,0.90,venus,20,6853,1,1829,8682,16701,12084
Bundestag,0.90,venus,22,6853,1,8074,14927,16701,9447
Bundestag,0.90,venus,21,6853,1,1829,8682,16701,11202
Bundestag,0.90,venus,23,6853,1,1810,8663,16701,11580
Bundestag,0.90,venus,26,6853,1,1810,8663,16701,11449
Bundestag,0.90,venus,24,6853,1,1829,8682,16701,12817
Bundestag,0.90,venus,25,6853,1,1829,8682,16701,13455
Bundestag,0.90,venus,27,6853,1,598,7451,16701,12705
Bundestag,0.90,venus,28,6853,1,1829,8682,16701,12177
Bundestag,0.90,venus,29,6853,1,598,7451,16701,12118
Bundestag,0.90,venus,30,6853,1,1829,8682,16701,11298
Bundestag,0.90,venus,31,6853,1,1810,8663,16701,11703
Bundestag,0.90,venus,33,6853,1,598,7451,16701,10830
Bundestag,0.90,venus,32,6853,1,1829,8682,16701,13364
Bundestag,0.90,venus,34,6853,1,1829,8682,16701,10276
Bundestag,0.90,venus,39,6853,1,8074,14927,16701,7458
Bundestag,0.90,venus,35,6853,1,8074,14927,16701,10888
Bundestag,0.90,venus,37,6853,1,598,7451,16701,10867
Bundestag,0.90,venus,36,6853,1,1810,8663,16701,12770
Bundestag,0.90,venus,38,6853,1,598,7451,16701,12551
Bundestag,0.90,venus,40,6853,1,1829,8682,16701,12707
Bundestag,0.90,venus,41,6853,1,3431,10284,16701,12292
Bundestag,0.90,venus,45,6853,1,598,7451,16701,10225
Bundestag,0.90,venus,42,6853,1,1810,8663,16701,12603
Bundestag,0.90,venus,43,6853,1,595,7448,16701,12322
Bundestag,0.90,venus,44,6853,1,1827,8680,16701,12589
Bundestag,0.90,venus,47,6853,1,598,7451,16701,10062
Bundestag,0.90,venus,46,6853,1,1810,8663,16701,12256
Bundestag,0.90,venus,48,6853,1,8074,14927,16701,9478
Bundestag,0.90,venus,49,6853,1,8074,14927,16701,9094
Bundestag,0.90,venus,50,6853,1,8074,14927,16701,8409
Bundestag,0.80,gaia,6,24310,1,999,25309,28027,2274
Bundestag,0.80,gaia,4,24310,1,152,24462,28027,2907
Bundestag,0.80,gaia,5,24310,1,2987,27297,28027,3007
Bundestag,0.80,gaia,3,24310,1,408,24718,28027,3176
Bundestag,0.80,gaia,7,24310,1,1126,25436,28027,3502
Bundestag,0.80,gaia,1,24310,1,1699,26009,28027,3738
Bundestag,0.80,gaia,2,24310,1,956,25266,28027,3835
Bundestag,0.80,gaia,9,24310,1,850,25160,28027,3965
Bundestag,0.80,gaia,10,24310,1,1684,25994,28027,5851
Bundestag,0.80,gaia,17,24310,1,408,24718,28027,2558
Bundestag,0.80,gaia,8,24310,1,1893,26203,28027,6702
Bundestag,0.80,gaia,16,24310,1,2972,27282,28027,3463
Bundestag,0.80,gaia,12,24310,1,850,25160,28027,4703
Bundestag,0.80,gaia,15,24310,1,407,24717,28027,4181
Bundestag,0.80,gaia,14,24310,1,850,25160,28027,4885
Bundestag,0.80,gaia,19,24310,1,408,24718,28027,2289
Bundestag,0.80,gaia,20,24310,1,999,25309,28027,2218
Bundestag,0.80,gaia,18,24310,1,850,25160,28027,5310
Bundestag,0.80,gaia,11,24310,1,1893,26203,28027,7633
Bundestag,0.80,gaia,13,24310,1,1684,25994,28027,7750
Bundestag,0.80,gaia,23,24310,1,1747,26057,28027,3631
Bundestag,0.80,gaia,21,24310,1,1699,26009,28027,4735
Bundestag,0.80,gaia,28,24310,1,1126,25436,28027,2603
Bundestag,0.80,gaia,24,24310,1,850,25160,28027,4467
Bundestag,0.80,gaia,25,24310,1,956,25266,28027,4643
Bundestag,0.80,gaia,22,24310,1,1703,26013,28027,6361
Bundestag,0.80,gaia,29,24310,1,1683,25993,28027,3866
Bundestag,0.80,gaia,31,24310,1,407,24717,28027,3000
Bundestag,0.80,gaia,26,24310,1,850,25160,28027,6242
Bundestag,0.80,gaia,33,24310,1,1703,26013,28027,3355
Bundestag,0.80,gaia,34,24310,1,2988,27298,28027,3269
Bundestag,0.80,gaia,32,24310,1,1699,26009,28027,4315
Bundestag,0.80,gaia,39,24310,1,152,24462,28027,2207
Bundestag,0.80,gaia,36,24310,1,2988,27298,28027,3405
Bundestag,0.80,gaia,27,24310,1,850,25160,28027,8375
Bundestag,0.80,gaia,37,24310,1,2988,27298,28027,3586
Bundestag,0.80,gaia,40,24310,1,999,25309,28027,2514
Bundestag,0.80,gaia,38,24310,1,407,24717,28027,3848
Bundestag,0.80,gaia,30,24310,1,1732,26042,28027,7727
Bundestag,0.80,gaia,41,24310,1,408,24718,28027,3393
Bundestag,0.80,gaia,42,24310,1,2987,27297,28027,3451
Bundestag,0.80,gaia,43,24310,1,408,24718,28027,2933
Bundestag,0.80,gaia,45,24310,1,408,24718,28027,2621
Bundestag,0.80,gaia,35,24310,1,1684,25994,28027,7281
Bundestag,0.80,gaia,48,24310,1,999,25309,28027,2475
Bundestag,0.80,gaia,47,24310,1,1398,25708,28027,3237
Bundestag,0.80,gaia,50,24310,1,999,25309,28027,2681
Bundestag,0.80,gaia,49,24310,1,1126,25436,28027,3341
Bundestag,0.80,gaia,46,24310,1,850,25160,28027,4858
Bundestag,0.80,gaia,44,24310,1,956,25266,28027,5778
Bundestag,0.80,venus,4,24310,1,154,24464,28027,5699
Bundestag,0.80,venus,5,24310,1,3425,27735,28027,5146
Bundestag,0.80,venus,3,24310,1,961,25271,28027,6865
Bundestag,0.80,venus,1,24310,1,957,25267,28027,7553
Bundestag,0.80,venus,2,24310,1,1251,25561,28027,7579
Bundestag,0.80,venus,6,24310,1,140,24450,28027,6216
Bundestag,0.80,venus,8,24310,1,154,24464,28027,5527
Bundestag,0.80,venus,9,24310,1,154,24464,28027,5643
Bundestag,0.80,venus,7,24310,1,1924,26234,28027,7125
Bundestag,0.80,venus,10,24310,1,445,24755,28027,6486
Bundestag,0.80,venus,12,24310,1,154,24464,28027,5563
Bundestag,0.80,venus,11,24310,1,154,24464,28027,5937
Bundestag,0.80,venus,13,24310,1,154,24464,28027,5839
Bundestag,0.80,venus,15,24310,1,1251,25561,28027,6112
Bundestag,0.80,venus,18,24310,1,154,24464,28027,5469
Bundestag,0.80,venus,17,24310,1,3309,27619,28027,5986
Bundestag,0.80,venus,14,24310,1,898,25208,28027,6965
Bundestag,0.80,venus,16,24310,1,445,24755,28027,6735
Bundestag,0.80,venus,20,24310,1,154,24464,28027,6272
Bundestag,0.80,venus,19,24310,1,957,25267,28027,8108
Bundestag,0.80,venus,21,24310,1,154,24464,28027,5992
Bundestag,0.80,venus,24,24310,1,154,24464,28027,4633
Bundestag,0.80,venus,26,24310,1,154,24464,28027,5035
Bundestag,0.80,venus,23,24310,1,154,24464,28027,6362
Bundestag,0.80,venus,25,24310,1,445,24755,28027,6210
Bundestag,0.80,venus,28,24310,1,140,24450,28027,5622
Bundestag,0.80,venus,22,24310,1,3309,27619,28027,7944
Bundestag,0.80,venus,27,24310,1,898,25208,28027,7207
Bundestag,0.80,venus,29,24310,1,154,24464,28027,6305
Bundestag,0.80,venus,30,24310,1,140,24450,28027,5963
Bundestag,0.80,venus,31,24310,1,140,24450,28027,6017
Bundestag,0.80,venus,32,24310,1,154,24464,28027,5674
Bundestag,0.80,venus,35,24310,1,154,24464,28027,5007
Bundestag,0.80,venus,33,24310,1,1251,25561,28027,6492
Bundestag,0.80,venus,34,24310,1,140,24450,28027,6351
Bundestag,0.80,venus,36,24310,1,140,24450,28027,5889
Bundestag,0.80,venus,37,24310,1,154,24464,28027,6182
Bundestag,0.80,venus,38,24310,1,444,24754,28027,6037
Bundestag,0.80,venus,41,24310,1,154,24464,28027,5070
Bundestag,0.80,venus,39,24310,1,2987,27297,28027,7155
Bundestag,0.80,venus,42,24310,1,140,24450,28027,5984
Bundestag,0.80,venus,40,24310,1,1251,25561,28027,6914
Bundestag,0.80,venus,44,24310,1,154,24464,28027,5893
Bundestag,0.80,venus,45,24310,1,940,25250,28027,6032
Bundestag,0.80,venus,47,24310,1,154,24464,28027,5919
Bundestag,0.80,venus,48,24310,1,153,24463,28027,5015
Bundestag,0.80,venus,43,24310,1,898,25208,28027,7591
Bundestag,0.80,venus,46,24310,1,2932,27242,28027,6870
Bundestag,0.80,venus,49,24310,1,154,24464,28027,4676
Bundestag,0.80,venus,50,24310,1,140,24450,28027,4867
Bundestag,0.70,gaia,6,48534,1,168,48702,30499,132
Bundestag,0.70,gaia,5,48534,1,13,48547,30499,145
Bundestag,0.70,gaia,2,48534,1,13,48547,30499,147
Bundestag,0.70,gaia,4,48534,1,180,48714,30499,162
Bundestag,0.70,gaia,3,48534,1,1,48535,30499,170
Bundestag,0.70,gaia,8,48534,1,13,48547,30499,174
Bundestag,0.70,gaia,1,48534,1,186,48720,30499,182
Bundestag,0.70,gaia,9,48534,1,13,48547,30499,205
Bundestag,0.70,gaia,7,48534,1,168,48702,30499,208
Bundestag,0.70,gaia,10,48534,1,1,48535,30499,249
Bundestag,0.70,gaia,14,48534,1,168,48702,30499,116
Bundestag,0.70,gaia,11,48534,1,13,48547,30499,146
Bundestag,0.70,gaia,15,48534,1,19,48553,30499,124
Bundestag,0.70,gaia,12,48534,1,13,48547,30499,162
Bundestag,0.70,gaia,13,48534,1,1,48535,30499,173
Bundestag,0.70,gaia,16,48534,1,13,48547,30499,151
Bundestag,0.70,gaia,19,48534,1,13,48547,30499,156
Bundestag,0.70,gaia,18,48534,1,1,48535,30499,166
Bundestag,0.70,gaia,17,48534,1,168,48702,30499,200
Bundestag,0.70,gaia,20,48534,1,19,48553,30499,135
Bundestag,0.70,gaia,23,48534,1,1,48535,30499,121
Bundestag,0.70,gaia,22,48534,1,19,48553,30499,158
Bundestag,0.70,gaia,24,48534,1,13,48547,30499,153
Bundestag,0.70,gaia,21,48534,1,168,48702,30499,186
Bundestag,0.70,gaia,25,48534,1,186,48720,30499,161
Bundestag,0.70,gaia,26,48534,1,186,48720,30499,157
Bundestag,0.70,gaia,28,48534,1,168,48702,30499,144
Bundestag,0.70,gaia,27,48534,1,1,48535,30499,171
Bundestag,0.70,gaia,30,48534,1,159,48693,30499,161
Bundestag,0.70,gaia,31,48534,1,19,48553,30499,137
Bundestag,0.70,gaia,32,48534,1,1,48535,30499,145
Bundestag,0.70,gaia,29,48534,1,13,48547,30499,230
Bundestag,0.70,gaia,36,48534,1,13,48547,30499,131
Bundestag,0.70,gaia,35,48534,1,168,48702,30499,134
Bundestag,0.70,gaia,34,48534,1,1,48535,30499,153
Bundestag,0.70,gaia,33,48534,1,180,48714,30499,157
Bundestag,0.70,gaia,37,48534,1,13,48547,30499,117
Bundestag,0.70,gaia,39,48534,1,13,48547,30499,159
Bundestag,0.70,gaia,38,48534,1,186,48720,30499,174
Bundestag,0.70,gaia,40,48534,1,168,48702,30499,156
Bundestag,0.70,gaia,43,48534,1,13,48547,30499,136
Bundestag,0.70,gaia,45,48534,1,13,48547,30499,166
Bundestag,0.70,gaia,42,48534,1,168,48702,30499,176
Bundestag,0.70,gaia,46,48534,1,168,48702,30499,179
Bundestag,0.70,gaia,47,48534,1,168,48702,30499,186
Bundestag,0.70,gaia,41,48534,1,168,48702,30499,236
Bundestag,0.70,gaia,48,48534,1,19,48553,30499,130
Bundestag,0.70,gaia,44,48534,1,168,48702,30499,227
Bundestag,0.70,gaia,50,48534,1,13,48547,30499,177
Bundestag,0.70,gaia,49,48534,1,168,48702,30499,183
Bundestag,0.70,venus,4,48534,1,13,48547,30499,281
Bundestag,0.70,venus,2,48534,1,1,48535,30499,331
Bundestag,0.70,venus,1,48534,1,1,48535,30499,366
Bundestag,0.70,venus,8,48534,1,13,48547,30499,299
Bundestag,0.70,venus,6,48534,1,13,48547,30499,328
Bundestag,0.70,venus,3,48534,1,1,48535,30499,366
Bundestag,0.70,venus,5,48534,1,168,48702,30499,371
Bundestag,0.70,venus,7,48534,1,1,48535,30499,364
Bundestag,0.70,venus,9,48534,1,13,48547,30499,319
Bundestag,0.70,venus,10,48534,1,168,48702,30499,401
Bundestag,0.70,venus,14,48534,1,13,48547,30499,247
Bundestag,0.70,venus,11,48534,1,1,48535,30499,336
Bundestag,0.70,venus,19,48534,1,7,48541,30499,263
Bundestag,0.70,venus,17,48534,1,13,48547,30499,286
Bundestag,0.70,venus,13,48534,1,168,48702,30499,406
Bundestag,0.70,venus,16,48534,1,168,48702,30499,396
Bundestag,0.70,venus,18,48534,1,168,48702,30499,361
Bundestag,0.70,venus,12,48534,1,1,48535,30499,454
Bundestag,0.70,venus,15,48534,1,168,48702,30499,459
Bundestag,0.70,venus,20,48534,1,1,48535,30499,342
Bundestag,0.70,venus,23,48534,1,13,48547,30499,246
Bundestag,0.70,venus,22,48534,1,1,48535,30499,312
Bundestag,0.70,venus,21,48534,1,168,48702,30499,348
Bundestag,0.70,venus,24,48534,1,13,48547,30499,308
Bundestag,0.70,venus,25,48534,1,13,48547,30499,290
Bundestag,0.70,venus,28,48534,1,13,48547,30499,296
Bundestag,0.70,venus,27,48534,1,1,48535,30499,329
Bundestag,0.70,venus,30,48534,1,1,48535,30499,262
Bundestag,0.70,venus,26,48534,1,168,48702,30499,367
Bundestag,0.70,venus,29,48534,1,168,48702,30499,373
Bundestag,0.70,venus,31,48534,1,1,48535,30499,343
Bundestag,0.70,venus,33,48534,1,184,48718,30499,325
Bundestag,0.70,venus,32,48534,1,1,48535,30499,340
Bundestag,0.70,venus,34,48534,1,13,48547,30499,307
Bundestag,0.70,venus,36,48534,1,13,48547,30499,255
Bundestag,0.70,venus,35,48534,1,1,48535,30499,332
Bundestag,0.70,venus,38,48534,1,1,48535,30499,331
Bundestag,0.70,venus,39,48534,1,13,48547,30499,314
Bundestag,0.70,venus,37,48534,1,168,48702,30499,366
Bundestag,0.70,venus,40,48534,1,13,48547,30499,318
Bundestag,0.70,venus,43,48534,1,12,48546,30499,251
Bundestag,0.70,venus,45,48534,1,13,48547,30499,222
Bundestag,0.70,venus,41,48534,1,13,48547,30499,296
Bundestag,0.70,venus,42,48534,1,1,48535,30499,314
Bundestag,0.70,venus,44,48534,1,1,48535,30499,305
Bundestag,0.70,venus,46,48534,1,13,48547,30499,279
Bundestag,0.70,venus,48,48534,1,13,48547,30499,261
Bundestag,0.70,venus,47,48534,1,1,48535,30499,276
Bundestag,0.70,venus,50,48534,1,13,48547,30499,223
Bundestag,0.70,venus,49,48534,1,168,48702,30499,291
Bundestag,0.60,gaia,3,50168,0,0,50168,30968,0
Bundestag,0.60,gaia,1,50168,0,0,50168,30968,0
Bundestag,0.60,gaia,2,50168,0,0,50168,30968,0
Bundestag,0.60,gaia,5,50168,0,0,50168,30968,0
Bundestag,0.60,gaia,4,50168,0,0,50168,30968,0
Bundestag,0.60,gaia,8,50168,0,0,50168,30968,0
Bundestag,0.60,gaia,6,50168,0,0,50168,30968,0
Bundestag,0.60,gaia,7,50168,0,0,50168,30968,0
Bundestag,0.60,gaia,9,50168,0,0,50168,30968,0
Bundestag,0.60,gaia,10,50168,0,0,50168,30968,0
Bundestag,0.60,gaia,14,50168,0,0,50168,30968,0
Bundestag,0.60,gaia,12,50168,0,0,50168,30968,0
Bundestag,0.60,gaia,15,50168,0,0,50168,30968,0
Bundestag,0.60,gaia,11,50168,0,0,50168,30968,0
Bundestag,0.60,gaia,16,50168,0,0,50168,30968,0
Bundestag,0.60,gaia,17,50168,0,0,50168,30968,0
Bundestag,0.60,gaia,13,50168,0,0,50168,30968,0
Bundestag,0.60,gaia,18,50168,0,0,50168,30968,0
Bundestag,0.60,gaia,19,50168,0,0,50168,30968,0
Bundestag,0.60,gaia,20,50168,0,0,50168,30968,0
Bundestag,0.60,gaia,21,50168,0,0,50168,30968,0
Bundestag,0.60,gaia,22,50168,0,0,50168,30968,0
Bundestag,0.60,gaia,24,50168,0,0,50168,30968,0
Bundestag,0.60,gaia,25,50168,0,0,50168,30968,0
Bundestag,0.60,gaia,26,50168,0,0,50168,30968,0
Bundestag,0.60,gaia,23,50168,0,0,50168,30968,0
Bundestag,0.60,gaia,28,50168,0,0,50168,30968,0
Bundestag,0.60,gaia,30,50168,0,0,50168,30968,0
Bundestag,0.60,gaia,27,50168,0,0,50168,30968,0
Bundestag,0.60,gaia,31,50168,0,0,50168,30968,0
Bundestag,0.60,gaia,32,50168,0,0,50168,30968,0
Bundestag,0.60,gaia,29,50168,0,0,50168,30968,0
Bundestag,0.60,gaia,33,50168,0,0,50168,30968,0
Bundestag,0.60,gaia,34,50168,0,0,50168,30968,0
Bundestag,0.60,gaia,35,50168,0,0,50168,30968,0
Bundestag,0.60,gaia,36,50168,0,0,50168,30968,0
Bundestag,0.60,gaia,37,50168,0,0,50168,30968,0
Bundestag,0.60,gaia,38,50168,0,0,50168,30968,0
Bundestag,0.60,gaia,40,50168,0,0,50168,30968,0
Bundestag,0.60,gaia,39,50168,0,0,50168,30968,0
Bundestag,0.60,gaia,42,50168,0,0,50168,30968,0
Bundestag,0.60,gaia,43,50168,0,0,50168,30968,0
Bundestag,0.60,gaia,41,50168,0,0,50168,30968,0
Bundestag,0.60,gaia,44,50168,0,0,50168,30968,0
Bundestag,0.60,gaia,45,50168,0,0,50168,30968,0
Bundestag,0.60,gaia,46,50168,0,0,50168,30968,0
Bundestag,0.60,gaia,47,50168,0,0,50168,30968,0
Bundestag,0.60,gaia,49,50168,0,0,50168,30968,0
Bundestag,0.60,venus,1,50168,0,0,50168,30968,0
Bundestag,0.60,gaia,50,50168,0,0,50168,30968,0
Bundestag,0.60,gaia,48,50168,0,0,50168,30968,0
Bundestag,0.60,venus,3,50168,0,0,50168,30968,0
Bundestag,0.60,venus,2,50168,0,0,50168,30968,0
Bundestag,0.60,venus,4,50168,0,0,50168,30968,0
Bundestag,0.60,venus,6,50168,0,0,50168,30968,0
Bundestag,0.60,venus,5,50168,0,0,50168,30968,0
Bundestag,0.60,venus,7,50168,0,0,50168,30968,0
Bundestag,0.60,venus,8,50168,0,0,50168,30968,0
Bundestag,0.60,venus,9,50168,0,0,50168,30968,0
Bundestag,0.60,venus,10,50168,0,0,50168,30968,0
Bundestag,0.60,venus,11,50168,0,0,50168,30968,0
Bundestag,0.60,venus,13,50168,0,0,50168,30968,0
Bundestag,0.60,venus,12,50168,0,0,50168,30968,0
Bundestag,0.60,venus,15,50168,0,0,50168,30968,0
Bundestag,0.60,venus,17,50168,0,0,50168,30968,0
Bundestag,0.60,venus,18,50168,0,0,50168,30968,0
Bundestag,0.60,venus,14,50168,0,0,50168,30968,0
Bundestag,0.60,venus,16,50168,0,0,50168,30968,0
Bundestag,0.60,venus,19,50168,0,0,50168,30968,0
Bundestag,0.60,venus,20,50168,0,0,50168,30968,0
Bundestag,0.60,venus,21,50168,0,0,50168,30968,0
Bundestag,0.60,venus,22,50168,0,0,50168,30968,0
Bundestag,0.60,venus,23,50168,0,0,50168,30968,0
Bundestag,0.60,venus,25,50168,0,0,50168,30968,0
Bundestag,0.60,venus,24,50168,0,0,50168,30968,0
Bundestag,0.60,venus,26,50168,0,0,50168,30968,0
Bundestag,0.60,venus,27,50168,0,0,50168,30968,0
Bundestag,0.60,venus,28,50168,0,0,50168,30968,0
Bundestag,0.60,venus,29,50168,0,0,50168,30968,0
Bundestag,0.60,venus,30,50168,0,0,50168,30968,0
Bundestag,0.60,venus,32,50168,0,0,50168,30968,0
Bundestag,0.60,venus,31,50168,0,0,50168,30968,0
Bundestag,0.60,venus,33,50168,0,0,50168,30968,0
Bundestag,0.60,venus,34,50168,0,0,50168,30968,0
Bundestag,0.60,venus,35,50168,0,0,50168,30968,0
Bundestag,0.60,venus,37,50168,0,0,50168,30968,0
Bundestag,0.60,venus,36,50168,0,0,50168,30968,0
Bundestag,0.60,venus,38,50168,0,0,50168,30968,0
Bundestag,0.60,venus,39,50168,0,0,50168,30968,0
Bundestag,0.60,venus,40,50168,0,0,50168,30968,0
Bundestag,0.60,venus,41,50168,0,0,50168,30968,0
Bundestag,0.60,venus,42,50168,0,0,50168,30968,0
Bundestag,0.60,venus,43,50168,0,0,50168,30968,0
Bundestag,0.60,venus,45,50168,0,0,50168,30968,0
Bundestag,0.60,venus,44,50168,0,0,50168,30968,0
Bundestag,0.60,venus,46,50168,0,0,50168,30968,0
Bundestag,0.60,venus,47,50168,0,0,50168,30968,0
Bundestag,0.60,venus,49,50168,0,0,50168,30968,0
Bundestag,0.60,venus,50,50168,0,0,50168,30968,0
Bundestag,0.60,venus,48,50168,0,0,50168,30968,0
Bundestag,0.50,gaia,3,50168,0,0,50168,31337,0
Bundestag,0.50,gaia,1,50168,0,0,50168,31337,0
Bundestag,0.50,gaia,2,50168,0,0,50168,31337,0
Bundestag,0.50,gaia,5,50168,0,0,50168,31337,0
Bundestag,0.50,gaia,4,50168,0,0,50168,31337,0
Bundestag,0.50,gaia,8,50168,0,0,50168,31337,0
Bundestag,0.50,gaia,10,50168,0,0,50168,31337,0
Bundestag,0.50,gaia,7,50168,0,0,50168,31337,0
Bundestag,0.50,gaia,6,50168,0,0,50168,31337,0
Bundestag,0.50,gaia,9,50168,0,0,50168,31337,0
Bundestag,0.50,gaia,11,50168,0,0,50168,31337,0
Bundestag,0.50,gaia,13,50168,0,0,50168,31337,0
Bundestag,0.50,gaia,12,50168,0,0,50168,31337,0
Bundestag,0.50,gaia,14,50168,0,0,50168,31337,0
Bundestag,0.50,gaia,17,50168,0,0,50168,31337,0
Bundestag,0.50,gaia,16,50168,0,0,50168,31337,0
Bundestag,0.50,gaia,19,50168,0,0,50168,31337,0
Bundestag,0.50,gaia,18,50168,0,0,50168,31337,0
Bundestag,0.50,gaia,15,50168,0,0,50168,31337,0
Bundestag,0.50,gaia,20,50168,0,0,50168,31337,0
Bundestag,0.50,gaia,21,50168,0,0,50168,31337,0
Bundestag,0.50,gaia,22,50168,0,0,50168,31337,0
Bundestag,0.50,gaia,23,50168,0,0,50168,31337,0
Bundestag,0.50,gaia,25,50168,0,0,50168,31337,0
Bundestag,0.50,gaia,24,50168,0,0,50168,31337,0
Bundestag,0.50,gaia,27,50168,0,0,50168,31337,0
Bundestag,0.50,gaia,26,50168,0,0,50168,31337,0
Bundestag,0.50,gaia,28,50168,0,0,50168,31337,0
Bundestag,0.50,gaia,30,50168,0,0,50168,31337,0
Bundestag,0.50,gaia,29,50168,0,0,50168,31337,0
Bundestag,0.50,gaia,31,50168,0,0,50168,31337,0
Bundestag,0.50,gaia,32,50168,0,0,50168,31337,0
Bundestag,0.50,gaia,34,50168,0,0,50168,31337,0
Bundestag,0.50,gaia,35,50168,0,0,50168,31337,0
Bundestag,0.50,gaia,36,50168,0,0,50168,31337,0
Bundestag,0.50,gaia,33,50168,0,0,50168,31337,0
Bundestag,0.50,gaia,37,50168,0,0,50168,31337,0
Bundestag,0.50,gaia,38,50168,0,0,50168,31337,0
Bundestag,0.50,gaia,40,50168,0,0,50168,31337,0
Bundestag,0.50,gaia,39,50168,0,0,50168,31337,0
Bundestag,0.50,gaia,42,50168,0,0,50168,31337,0
Bundestag,0.50,gaia,43,50168,0,0,50168,31337,0
Bundestag,0.50,gaia,44,50168,0,0,50168,31337,0
Bundestag,0.50,gaia,45,50168,0,0,50168,31337,0
Bundestag,0.50,gaia,41,50168,0,0,50168,31337,0
Bundestag,0.50,gaia,48,50168,0,0,50168,31337,0
Bundestag,0.50,gaia,47,50168,0,0,50168,31337,0
Bundestag,0.50,gaia,46,50168,0,0,50168,31337,0
Bundestag,0.50,gaia,49,50168,0,0,50168,31337,0
Bundestag,0.50,venus,1,50168,0,0,50168,31337,0
Bundestag,0.50,venus,2,50168,0,0,50168,31337,0
Bundestag,0.50,venus,3,50168,0,0,50168,31337,0
Bundestag,0.50,gaia,50,50168,0,0,50168,31337,0
Bundestag,0.50,venus,4,50168,0,0,50168,31337,0
Bundestag,0.50,venus,5,50168,0,0,50168,31337,0
Bundestag,0.50,venus,7,50168,0,0,50168,31337,0
Bundestag,0.50,venus,6,50168,0,0,50168,31337,0
Bundestag,0.50,venus,8,50168,0,0,50168,31337,0
Bundestag,0.50,venus,9,50168,0,0,50168,31337,0
Bundestag,0.50,venus,10,50168,0,0,50168,31337,0
Bundestag,0.50,venus,11,50168,0,0,50168,31337,0
Bundestag,0.50,venus,12,50168,0,0,50168,31337,0
Bundestag,0.50,venus,13,50168,0,0,50168,31337,0
Bundestag,0.50,venus,14,50168,0,0,50168,31337,0
Bundestag,0.50,venus,16,50168,0,0,50168,31337,0
Bundestag,0.50,venus,17,50168,0,0,50168,31337,0
Bundestag,0.50,venus,15,50168,0,0,50168,31337,0
Bundestag,0.50,venus,18,50168,0,0,50168,31337,0
Bundestag,0.50,venus,19,50168,0,0,50168,31337,0
Bundestag,0.50,venus,20,50168,0,0,50168,31337,0
Bundestag,0.50,venus,21,50168,0,0,50168,31337,0
Bundestag,0.50,venus,22,50168,0,0,50168,31337,0
Bundestag,0.50,venus,23,50168,0,0,50168,31337,0
Bundestag,0.50,venus,25,50168,0,0,50168,31337,0
Bundestag,0.50,venus,24,50168,0,0,50168,31337,0
Bundestag,0.50,venus,26,50168,0,0,50168,31337,0
Bundestag,0.50,venus,27,50168,0,0,50168,31337,0
Bundestag,0.50,venus,28,50168,0,0,50168,31337,0
Bundestag,0.50,venus,30,50168,0,0,50168,31337,0
Bundestag,0.50,venus,29,50168,0,0,50168,31337,0
Bundestag,0.50,venus,32,50168,0,0,50168,31337,0
Bundestag,0.50,venus,31,50168,0,0,50168,31337,0
Bundestag,0.50,venus,33,50168,0,0,50168,31337,0
Bundestag,0.50,venus,34,50168,0,0,50168,31337,0
Bundestag,0.50,venus,35,50168,0,0,50168,31337,0
Bundestag,0.50,venus,36,50168,0,0,50168,31337,0
Bundestag,0.50,venus,38,50168,0,0,50168,31337,0
Bundestag,0.50,venus,37,50168,0,0,50168,31337,0
Bundestag,0.50,venus,39,50168,0,0,50168,31337,0
Bundestag,0.50,venus,40,50168,0,0,50168,31337,0
Bundestag,0.50,venus,42,50168,0,0,50168,31337,0
Bundestag,0.50,venus,41,50168,0,0,50168,31337,0
Bundestag,0.50,venus,43,50168,0,0,50168,31337,0
Bundestag,0.50,venus,44,50168,0,0,50168,31337,0
Bundestag,0.50,venus,45,50168,0,0,50168,31337,0
Bundestag,0.50,venus,48,50168,0,0,50168,31337,0
Bundestag,0.50,venus,47,50168,0,0,50168,31337,0
Bundestag,0.50,venus,49,50168,0,0,50168,31337,0
Bundestag,0.50,venus,46,50168,0,0,50168,31337,0
Bundestag,0.50,venus,50,50168,0,0,50168,31337,0
Slashdot,1.00,gaia,8,0,1,43259,43259,10954,45028
Slashdot,1.00,gaia,3,0,1,42332,42332,10954,76845
Slashdot,1.00,gaia,4,0,1,42496,42496,10954,78692
Slashdot,1.00,gaia,1,0,1,42069,42069,10954,91608
Slashdot,1.00,gaia,11,0,1,42514,42514,10954,46703
Slashdot,1.00,gaia,5,0,1,42479,42479,10954,101074
Slashdot,1.00,gaia,7,0,1,43282,43282,10954,103912
Slashdot,1.00,gaia,2,0,1,42567,42567,10954,104885
Slashdot,1.00,gaia,6,0,1,42441,42441,10954,111268
Slashdot,1.00,gaia,9,0,1,44406,44406,10954,121054
Slashdot,1.00,gaia,13,0,1,42544,42544,10954,47777
Slashdot,1.00,gaia,12,0,1,43219,43219,10954,61055
Slashdot,1.00,gaia,18,0,1,42325,42325,10954,62071
Slashdot,1.00,gaia,15,0,1,42360,42360,10954,86443
Slashdot,1.00,gaia,17,0,1,42210,42210,10954,75769
Slashdot,1.00,gaia,10,0,1,44198,44198,10954,180523
Slashdot,1.00,gaia,16,0,1,42452,42452,10954,86352
Slashdot,1.00,gaia,14,0,1,42512,42512,10954,104312
Slashdot,1.00,gaia,21,0,1,42454,42454,10954,92883
Slashdot,1.00,gaia,22,0,1,42247,42247,10954,85816
Slashdot,1.00,gaia,26,0,1,42584,42584,10954,55442
Slashdot,1.00,gaia,19,0,1,43232,43232,10954,125456
Slashdot,1.00,gaia,24,0,1,42129,42129,10954,68219
Slashdot,1.00,gaia,27,0,1,42673,42673,10954,71071
Slashdot,1.00,gaia,20,0,1,42427,42427,10954,137713
Slashdot,1.00,gaia,25,0,1,43375,43375,10954,97305
Slashdot,1.00,gaia,32,0,1,42271,42271,10954,45098
Slashdot,1.00,gaia,29,0,1,42485,42485,10954,68933
Slashdot,1.00,gaia,35,0,1,42271,42271,10954,60988
Slashdot,1.00,gaia,36,0,1,42161,42161,10954,55865
Slashdot,1.00,gaia,33,0,1,42218,42218,10954,93366
Slashdot,1.00,gaia,23,0,1,43374,43374,10954,177315
Slashdot,1.00,gaia,30,0,1,43470,43470,10954,133473
Slashdot,1.00,gaia,34,0,1,44047,44047,10954,99063
Slashdot,1.00,gaia,28,0,1,43269,43269,10954,180426
Slashdot,1.00,gaia,38,0,1,44280,44280,10954,90173
Slashdot,1.00,gaia,39,0,1,42533,42533,10954,71982
Slashdot,1.00,gaia,42,0,1,42451,42451,10954,53215
Slashdot,1.00,gaia,31,0,1,42291,42291,10954,164856
Slashdot,1.00,gaia,37,0,1,44368,44368,10954,138392
Slashdot,1.00,gaia,40,0,1,44516,44516,10954,89361
Slashdot,1.00,gaia,48,0,1,42350,42350,10954,36615
Slashdot,1.00,gaia,41,0,1,44138,44138,10954,134324
Slashdot,1.00,venus,1,0,1,41978,41978,10954,54726
Slashdot,1.00,gaia,43,0,1,42539,42539,10954,124322
Slashdot,1.00,venus,2,0,1,43138,43138,10954,60534
Slashdot,1.00,gaia,46,0,1,43425,43425,10954,133696
Slashdot,1.00,gaia,44,0,1,43304,43304,10954,180337
Slashdot,1.00,venus,3,0,1,42211,42211,10954,64909
Slashdot,1.00,venus,5,0,1,41879,41879,10954,70389
Slashdot,1.00,gaia,49,0,1,42365,42365,10954,153233
Slashdot,1.00,gaia,45,0,1,43293,43293,10954,180358
Slashdot,1.00,venus,4,0,1,41940,41940,10954,81533
Slashdot,1.00,gaia,47,0,1,44116,44116,10954,180235
Slashdot,1.00,venus,6,0,1,41860,41860,10954,81385
Slashdot,1.00,gaia,50,0,1,43838,43838,10954,162646
Slashdot,1.00,venus,8,0,1,42076,42076,10954,57846
Slashdot,1.00,venus,7,0,1,42055,42055,10954,86828
Slashdot,1.00,venus,9,0,1,42042,42042,10954,61103
Slashdot,1.00,venus,12,0,1,43159,43159,10954,63864
Slashdot,1.00,venus,10,0,1,41847,41847,10954,80776
Slashdot,1.00,venus,13,0,1,43066,43066,10954,84632
Slashdot,1.00,venus,15,0,1,42077,42077,10954,67565
Slashdot,1.00,venus,16,0,1,41896,41896,10954,72577
Slashdot,1.00,venus,11,0,1,43187,43187,10954,103863
Slashdot,1.00,venus,18,0,1,42129,42129,10954,63689
Slashdot,1.00,venus,19,0,1,41980,41980,10954,67883
Slashdot,1.00,venus,14,0,1,43254,43254,10954,96596
Slashdot,1.00,venus,20,0,1,41950,41950,10954,53762
Slashdot,1.00,venus,21,0,1,42070,42070,10954,49059
Slashdot,1.00,venus,17,0,1,41952,41952,10954,93374
Slashdot,1.00,venus,24,0,1,43080,43080,10954,39522
Slashdot,1.00,venus,25,0,1,42022,42022,10954,54334
Slashdot,1.00,venus,23,0,1,41951,41951,10954,83210
Slashdot,1.00,venus,22,0,1,43505,43505,10954,91403
Slashdot,1.00,venus,26,0,1,41929,41929,10954,83713
Slashdot,1.00,venus,27,0,1,41832,41832,10954,82037
Slashdot,1.00,venus,30,0,1,43081,43081,10954,78729
Slashdot,1.00,venus,29,0,1,41849,41849,10954,93561
Slashdot,1.00,venus,32,0,1,42035,42035,10954,74684
Slashdot,1.00,venus,33,0,1,41874,41874,10954,64403
Slashdot,1.00,venus,28,0,1,42095,42095,10954,113124
Slashdot,1.00,venus,31,0,1,41838,41838,10954,93658
Slashdot,1.00,venus,34,0,1,43245,43245,10954,69760
Slashdot,1.00,venus,37,0,1,43302,43302,10954,77376
Slashdot,1.00,venus,35,0,1,41851,41851,10954,93862
Slashdot,1.00,venus,43,0,1,41911,41911,10954,62898
Slashdot,1.00,venus,38,0,1,41853,41853,10954,91766
Slashdot,1.00,venus,39,0,1,43094,43094,10954,85256
Slashdot,1.00,venus,42,0,1,41837,41837,10954,71525
Slashdot,1.00,venus,41,0,1,42090,42090,10954,76879
Slashdot,1.00,venus,36,0,1,42110,42110,10954,109678
Slashdot,1.00,venus,40,0,1,42064,42064,10954,88606
Slashdot,1.00,venus,44,0,1,42023,42023,10954,64529
Slashdot,1.00,venus,46,0,1,42069,42069,10954,53517
Slashdot,1.00,venus,50,0,1,42074,42074,10954,31391
Slashdot,1.00,venus,49,0,1,41903,41903,10954,31570
Slashdot,1.00,venus,47,0,1,43073,43073,10954,43778
Slashdot,1.00,venus,48,0,1,41887,41887,10954,40800
Slashdot,1.00,venus,45,0,1,41887,41887,10954,66361
Slashdot,0.90,gaia,4,5453,1,33386,38839,13014,37833
Slashdot,0.90,gaia,6,5453,1,33477,38930,13014,38924
Slashdot,0.90,gaia,8,5453,1,33428,38881,13014,44031
Slashdot,0.90,gaia,3,5453,1,33661,39114,13014,46195
Slashdot,0.90,gaia,9,5453,1,33625,39078,13014,49372
Slashdot,0.90,gaia,7,5453,1,33804,39257,13014,54795
Slashdot,0.90,gaia,1,5453,1,33406,38859,13014,58286
Slashdot,0.90,gaia,11,5453,1,34019,39472,13014,28941
Slashdot,0.90,gaia,10,5453,1,40771,46224,13014,69570
Slashdot,0.90,gaia,14,5453,1,33698,39151,13014,32452
Slashdot,0.90,gaia,16,5453,1,33764,39217,13014,27960
Slashdot,0.90,gaia,15,5453,1,33800,39253,13014,50815
Slashdot,0.90,gaia,5,5453,1,33442,38895,13014,103659
Slashdot,0.90,gaia,12,5453,1,35346,40799,13014,70256
Slashdot,0.90,gaia,17,5453,1,33567,39020,13014,52649
Slashdot,0.90,gaia,20,5453,1,33618,39071,13014,44926
Slashdot,0.90,gaia,2,5453,1,40437,45890,13014,123638
Slashdot,0.90,gaia,13,5453,1,40853,46306,13014,90421
Slashdot,0.90,gaia,24,5453,1,33350,38803,13014,36697
Slashdot,0.90,gaia,19,5453,1,40691,46144,13014,78084
Slashdot,0.90,gaia,23,5453,1,40878,46331,13014,51972
Slashdot,0.90,gaia,22,5453,1,33846,39299,13014,59156
Slashdot,0.90,gaia,21,5453,1,35272,40725,13014,90664
Slashdot,0.90,gaia,27,5453,1,33594,39047,13014,54461
Slashdot,0.90,gaia,18,5453,1,34751,40204,13014,113642
Slashdot,0.90,gaia,29,5453,1,33359,38812,13014,34556
Slashdot,0.90,gaia,25,5453,1,33642,39095,13014,74415
Slashdot,0.90,gaia,28,5453,1,33472,38925,13014,62292
Slashdot,0.90,gaia,31,5453,1,33277,38730,13014,48912
Slashdot,0.90,gaia,26,5453,1,33742,39195,13014,85324
Slashdot,0.90,gaia,30,5453,1,33362,38815,13014,66823
Slashdot,0.90,gaia,35,5453,1,33652,39105,13014,57485
Slashdot,0.90,gaia,36,5453,1,33310,38763,13014,59076
Slashdot,0.90,gaia,39,5453,1,33365,38818,13014,42004
Slashdot,0.90,gaia,32,5453,1,33692,39145,13014,88250
Slashdot,0.90,gaia,33,5453,1,33292,38745,13014,83264
Slashdot,0.90,gaia,40,5453,1,33459,38912,13014,60573
Slashdot,0.90,gaia,37,5453,1,33693,39146,13014,87429
Slashdot,0.90,gaia,34,5453,1,40836,46289,13014,98640
Slashdot,0.90,gaia,41,5453,1,33551,39004,13014,74002
Slashdot,0.90,gaia,44,5453,1,33795,39248,13014,50701
Slashdot,0.90,gaia,38,5453,1,40714,46167,13014,104405
Slashdot,0.90,gaia,45,5453,1,33351,38804,13014,56346
Slashdot,0.90,gaia,48,5453,1,33727,39180,13014,31353
Slashdot,0.90,gaia,47,5453,1,33608,39061,13014,37503
Slashdot,0.90,gaia,50,5453,1,33689,39142,13014,45881
Slashdot,0.90,gaia,43,5453,1,33369,38822,13014,96583
Slashdot,0.90,venus,1,5453,1,33187,38640,13014,41964
Slashdot,0.90,venus,2,5453,1,33168,38621,13014,38685
Slashdot,0.90,gaia,46,5453,1,33690,39143,13014,90912
Slashdot,0.90,venus,3,5453,1,34040,39493,13014,50428
Slashdot,0.90,venus,5,5453,1,34053,39506,13014,48435
Slashdot,0.90,gaia,49,5453,1,40870,46323,13014,80717
Slashdot,0.90,venus,4,5453,1,33985,39438,13014,68624
Slashdot,0.90,venus,6,5453,1,33157,38610,13014,42658
Slashdot,0.90,venus,9,5453,1,33179,38632,13014,45305
Slashdot,0.90,venus,10,5453,1,33277,38730,13014,48518
Slashdot,0.90,gaia,42,5453,1,33692,39145,13014,164435
Slashdot,0.90,venus,8,5453,1,34350,39803,13014,63340
Slashdot,0.90,venus,7,5453,1,33382,38835,13014,67127
Slashdot,0.90,venus,12,5453,1,33260,38713,13014,50965
Slashdot,0.90,venus,13,5453,1,33987,39440,13014,58928
Slashdot,0.90,venus,11,5453,1,33258,38711,13014,73941
Slashdot,0.90,venus,14,5453,1,34375,39828,13014,56082
Slashdot,0.90,venus,15,5453,1,33178,38631,13014,54658
Slashdot,0.90,venus,19,5453,1,33292,38745,13014,39064
Slashdot,0.90,venus,17,5453,1,33138,38591,13014,53882
Slashdot,0.90,venus,20,5453,1,33244,38697,13014,50388
Slashdot,0.90,venus,18,5453,1,33297,38750,13014,52124
Slashdot,0.90,venus,22,5453,1,34097,39550,13014,39426
Slashdot,0.90,venus,16,5453,1,34450,39903,13014,71663
Slashdot,0.90,venus,24,5453,1,33165,38618,13014,35910
Slashdot,0.90,venus,25,5453,1,33201,38654,13014,35996
Slashdot,0.90,venus,23,5453,1,33136,38589,13014,39672
Slashdot,0.90,venus,21,5453,1,33356,38809,13014,64448
Slashdot,0.90,venus,26,5453,1,33328,38781,13014,46567
Slashdot,0.90,venus,30,5453,1,33393,38846,13014,34537
Slashdot,0.90,venus,34,5453,1,33186,38639,13014,28938
Slashdot,0.90,venus,28,5453,1,33164,38617,13014,43728
Slashdot,0.90,venus,32,5453,1,33209,38662,13014,34226
Slashdot,0.90,venus,27,5453,1,33404,38857,13014,49632
Slashdot,0.90,venus,31,5453,1,33200,38653,13014,44517
Slashdot,0.90,venus,29,5453,1,33206,38659,13014,56838
Slashdot,0.90,venus,33,5453,1,33224,38677,13014,51116
Slashdot,0.90,venus,41,5453,1,33574,39027,13014,35604
Slashdot,0.90,venus,38,5453,1,33232,38685,13014,38651
Slashdot,0.90,venus,37,5453,1,33157,38610,13014,50380
Slashdot,0.90,venus,35,5453,1,34047,39500,13014,69962
Slashdot,0.90,venus,43,5453,1,33258,38711,13014,32563
Slashdot,0.90,venus,40,5453,1,33612,39065,13014,49093
Slashdot,0.90,venus,36,5453,1,33621,39074,13014,62030
Slashdot,0.90,venus,39,5453,1,34397,39850,13014,56596
Slashdot,0.90,venus,42,5453,1,33197,38650,13014,53828
Slashdot,0.90,venus,44,5453,1,33208,38661,13014,37013
Slashdot,0.90,venus,47,5453,1,33150,38603,13014,25562
Slashdot,0.90,venus,46,5453,1,33453,38906,13014,33361
Slashdot,0.90,venus,50,5453,1,33236,38689,13014,23752
Slashdot,0.90,venus,45,5453,1,33209,38662,13014,36890
Slashdot,0.90,venus,48,5453,1,33295,38748,13014,36396
Slashdot,0.90,venus,49,5453,1,33147,38600,13014,39990
Slashdot,0.80,gaia,4,18093,1,21021,39114,14388,22659
Slashdot,0.80,gaia,9,18093,1,20811,38904,14388,23161
Slashdot,0.80,gaia,6,18093,1,20453,38546,14388,23816
Slashdot,0.80,gaia,8,18093,1,22888,40981,14388,26835
Slashdot,0.80,gaia,3,18093,1,20521,38614,14388,30522
Slashdot,0.80,gaia,7,18093,1,22624,40717,14388,32602
Slashdot,0.80,gaia,2,18093,1,22657,40750,14388,34137
Slashdot,0.80,gaia,13,18093,1,23004,41097,14388,29535
Slashdot,0.80,gaia,15,18093,1,20797,38890,14388,27141
Slashdot,0.80,gaia,12,18093,1,20517,38610,14388,37076
Slashdot,0.80,gaia,10,18093,1,20504,38597,14388,65051
Slashdot,0.80,gaia,11,18093,1,22427,40520,14388,50724
Slashdot,0.80,gaia,17,18093,1,20412,38505,14388,39629
Slashdot,0.80,gaia,1,18093,1,20799,38892,14388,80702
Slashdot,0.80,gaia,19,18093,1,20497,38590,14388,25445
Slashdot,0.80,gaia,16,18093,1,20417,38510,14388,52768
Slashdot,0.80,gaia,14,18093,1,20449,38542,14388,71650
Slashdot,0.80,gaia,22,18093,1,22350,40443,14388,31869
Slashdot,0.80,gaia,24,18093,1,22995,41088,14388,28094
Slashdot,0.80,gaia,23,18093,1,22524,40617,14388,41711
Slashdot,0.80,gaia,18,18093,1,22753,40846,14388,64437
Slashdot,0.80,gaia,5,18093,1,20705,38798,14388,119104
Slashdot,0.80,gaia,20,18093,1,22773,40866,14388,61942
Slashdot,0.80,gaia,27,18093,1,20645,38738,14388,28794
Slashdot,0.80,gaia,21,18093,1,20455,38548,14388,66235
Slashdot,0.80,gaia,26,18093,1,22192,40285,14388,46884
Slashdot,0.80,gaia,25,18093,1,22663,40756,14388,50626
Slashdot,0.80,gaia,33,18093,1,20871,38964,14388,19333
Slashdot,0.80,gaia,28,18093,1,20754,38847,14388,36552
Slashdot,0.80,gaia,32,18093,1,20590,38683,14388,24832
Slashdot,0.80,gaia,30,18093,1,21020,39113,14388,30281
Slashdot,0.80,gaia,31,18093,1,20659,38752,14388,30038
Slashdot,0.80,gaia,34,18093,1,20739,38832,14388,35922
Slashdot,0.80,gaia,36,18093,1,20684,38777,14388,31912
Slashdot,0.80,gaia,37,18093,1,20727,38820,14388,36691
Slashdot,0.80,gaia,38,18093,1,22570,40663,14388,34769
Slashdot,0.80,gaia,44,18093,1,22875,40968,14388,15096
Slashdot,0.80,gaia,35,18093,1,22562,40655,14388,51933
Slashdot,0.80,gaia,42,18093,1,20521,38614,14388,37106
Slashdot,0.80,gaia,39,18093,1,20471,38564,14388,55132
Slashdot,0.80,gaia,43,18093,1,20630,38723,14388,35472
Slashdot,0.80,gaia,45,18093,1,20676,38769,14388,30892
Slashdot,0.80,gaia,40,18093,1,20446,38539,14388,59719
Slashdot,0.80,gaia,29,18093,1,20471,38564,14388,99328
Slashdot,0.80,gaia,46,18093,1,22690,40783,14388,32883
Slashdot,0.80,gaia,49,18093,1,20661,38754,14388,34600
Slashdot,0.80,gaia,47,18093,1,20807,38900,14388,40764
Slashdot,0.80,venus,4,18093,1,20497,38590,14388,23019
Slashdot,0.80,venus,1,18093,1,20810,38903,14388,35022
Slashdot,0.80,gaia,41,18093,1,21051,39144,14388,89186
Slashdot,0.80,venus,6,18093,1,20536,38629,14388,19518
Slashdot,0.80,gaia,50,18093,1,20498,38591,14388,45863
Slashdot,0.80,venus,2,18093,1,21083,39176,14388,42397
Slashdot,0.80,venus,5,18093,1,20330,38423,14388,38410
Slashdot,0.80,venus,7,18093,1,20758,38851,14388,29863
Slashdot,0.80,venus,3,18093,1,20488,38581,14388,46814
Slashdot,0.80,venus,8,18093,1,20722,38815,14388,20359
Slashdot,0.80,gaia,48,18093,1,20608,38701,14388,74977
Slashdot,0.80,venus,11,18093,1,20570,38663,14388,28607
Slashdot,0.80,venus,17,18093,1,20868,38961,14388,17374
Slashdot,0.80,venus,9,18093,1,20455,38548,14388,35210
Slashdot,0.80,venus,12,18093,1,20437,38530,14388,26532
Slashdot,0.80,venus,13,18093,1,20522,38615,14388,26578
Slashdot,0.80,venus,14,18093,1,20738,38831,14388,30405
Slashdot,0.80,venus,21,18093,1,20850,38943,14388,18436
Slashdot,0.80,venus,10,18093,1,20557,38650,14388,53136
Slashdot,0.80,venus,18,18093,1,20456,38549,14388,30496
Slashdot,0.80,venus,15,18093,1,20529,38622,14388,42271
Slashdot,0.80,venus,23,18093,1,20628,38721,14388,22201
Slashdot,0.80,venus,19,18093,1,20381,38474,14388,25716
Slashdot,0.80,venus,22,18093,1,20861,38954,14388,26076
Slashdot,0.80,venus,16,18093,1,20707,38800,14388,55773
Slashdot,0.80,venus,20,18093,1,20351,38444,14388,46828
Slashdot,0.80,venus,26,18093,1,20833,38926,14388,28925
Slashdot,0.80,venus,28,18093,1,20726,38819,14388,26421
Slashdot,0.80,venus,24,18093,1,20808,38901,14388,41451
Slashdot,0.80,venus,27,18093,1,20338,38431,14388,31433
Slashdot,0.80,venus,30,18093,1,20360,38453,14388,27047
Slashdot,0.80,venus,38,18093,1,20420,38513,14388,18732
Slashdot,0.80,venus,32,18093,1,21927,40020,14388,34533
Slashdot,0.80,venus,31,18093,1,20534,38627,14388,47722
Slashdot,0.80,venus,29,18093,1,20481,38574,14388,55134
Slashdot,0.80,venus,25,18093,1,20408,38501,14388,61426
Slashdot,0.80,venus,33,18093,1,20665,38758,14388,35317
Slashdot,0.80,venus,36,18093,1,20430,38523,14388,33849
Slashdot,0.80,venus,35,18093,1,20440,38533,14388,39778
Slashdot,0.80,venus,39,18093,1,20737,38830,14388,23675
Slashdot,0.80,venus,40,18093,1,20685,38778,14388,27072
Slashdot,0.80,venus,34,18093,1,20359,38452,14388,57494
Slashdot,0.80,venus,44,18093,1,20783,38876,14388,23715
Slashdot,0.80,venus,43,18093,1,20821,38914,14388,31684
Slashdot,0.80,venus,42,18093,1,20467,38560,14388,33860
Slashdot,0.80,venus,47,18093,1,20394,38487,14388,20746
Slashdot,0.80,venus,45,18093,1,20550,38643,14388,30413
Slashdot,0.80,venus,37,18093,1,20423,38516,14388,65462
Slashdot,0.80,venus,41,18093,1,20370,38463,14388,47930
Slashdot,0.80,venus,49,18093,1,20752,38845,14388,21418
Slashdot,0.80,venus,46,18093,1,20440,38533,14388,39885
Slashdot,0.80,venus,48,18093,1,20508,38601,14388,33225
Slashdot,0.80,venus,50,18093,1,20568,38661,14388,34312
Slashdot,0.70,gaia,3,34094,1,7679,41773,14597,7213
Slashdot,0.70,gaia,1,34094,1,7606,41700,14597,7497
Slashdot,0.70,gaia,2,34094,1,7622,41716,14597,8174
Slashdot,0.70,gaia,4,34094,1,7694,41788,14597,9014
Slashdot,0.70,gaia,6,34094,1,7537,41631,14597,9326
Slashdot,0.70,gaia,10,34094,1,7640,41734,14597,12954
Slashdot,0.70,gaia,5,34094,1,7465,41559,14597,13438
Slashdot,0.70,gaia,9,34094,1,7387,41481,14597,13876
Slashdot,0.70,gaia,11,34094,1,7467,41561,14597,8107
Slashdot,0.70,gaia,12,34094,1,7701,41795,14597,8073
Slashdot,0.70,gaia,13,34094,1,7499,41593,14597,7519
Slashdot,0.70,gaia,8,34094,1,7425,41519,14597,16308
Slashdot,0.70,gaia,7,34094,1,7542,41636,14597,17050
Slashdot,0.70,gaia,14,34094,1,7807,41901,14597,8565
Slashdot,0.70,gaia,15,34094,1,7639,41733,14597,11294
Slashdot,0.70,gaia,18,34094,1,7744,41838,14597,7940
Slashdot,0.70,gaia,21,34094,1,7507,41601,14597,7407
Slashdot,0.70,gaia,19,34094,1,7482,41576,14597,8092
Slashdot,0.70,gaia,22,34094,1,7559,41653,14597,8268
Slashdot,0.70,gaia,26,34094,1,7749,41843,14597,3152
Slashdot,0.70,gaia,17,34094,1,7367,41461,14597,12163
Slashdot,0.70,gaia,16,34094,1,7398,41492,14597,12716
Slashdot,0.70,gaia,24,34094,1,7718,41812,14597,12170
Slashdot,0.70,gaia,23,34094,1,7584,41678,14597,14069
Slashdot,0.70,gaia,20,34094,1,7464,41558,14597,16342
Slashdot,0.70,gaia,25,34094,1,7694,41788,14597,11521
Slashdot,0.70,gaia,30,34094,1,7761,41855,14597,7565
Slashdot,0.70,gaia,29,34094,1,7563,41657,14597,8279
Slashdot,0.70,gaia,27,34094,1,7471,41565,14597,10099
Slashdot,0.70,gaia,34,34094,1,7638,41732,14597,6310
Slashdot,0.70,gaia,31,34094,1,7528,41622,14597,12026
Slashdot,0.70,gaia,33,34094,1,7484,41578,14597,7964
Slashdot,0.70,gaia,37,34094,1,7685,41779,14597,6352
Slashdot,0.70,gaia,28,34094,1,7440,41534,14597,16134
Slashdot,0.70,gaia,38,34094,1,7693,41787,14597,7585
Slashdot,0.70,gaia,32,34094,1,7602,41696,14597,14921
Slashdot,0.70,gaia,39,34094,1,7556,41650,14597,10012
Slashdot,0.70,gaia,36,34094,1,7557,41651,14597,11413
Slashdot,0.70,gaia,43,34094,1,7629,41723,14597,6492
Slashdot,0.70,gaia,35,34094,1,7683,41777,14597,14853
Slashdot,0.70,gaia,45,34094,1,7609,41703,14597,8364
Slashdot,0.70,gaia,47,34094,1,7483,41577,14597,7231
Slashdot,0.70,gaia,44,34094,1,7657,41751,14597,11191
Slashdot,0.70,gaia,49,34094,1,7583,41677,14597,6200
Slashdot,0.70,gaia,42,34094,1,7391,41485,14597,14706
Slashdot,0.70,gaia,48,34094,1,7398,41492,14597,9631
Slashdot,0.70,gaia,40,34094,1,7722,41816,14597,16110
Slashdot,0.70,gaia,46,34094,1,7496,41590,14597,15169
Slashdot,0.70,gaia,41,34094,1,7405,41499,14597,19684
Slashdot,0.70,venus,4,34094,1,7630,41724,14597,5755
Slashdot,0.70,venus,1,34094,1,7526,41620,14597,9644
Slashdot,0.70,gaia,50,34094,1,7613,41707,14597,12106
Slashdot,0.70,venus,7,34094,1,7470,41564,14597,6349
Slashdot,0.70,venus,3,34094,1,7444,41538,14597,11423
Slashdot,0.70,venus,5,34094,1,7296,41390,14597,10678
Slashdot,0.70,venus,2,34094,1,7319,41413,14597,13037
Slashdot,0.70,venus,6,34094,1,7463,41557,14597,11289
Slashdot,0.70,venus,12,34094,1,7455,41549,14597,7349
Slashdot,0.70,venus,11,34094,1,7582,41676,14597,8007
Slashdot,0.70,venus,8,34094,1,7486,41580,14597,11799
Slashdot,0.70,venus,10,34094,1,7381,41475,14597,10377
Slashdot,0.70,venus,9,34094,1,7404,41498,14597,11219
Slashdot,0.70,venus,15,34094,1,7474,41568,14597,7018
Slashdot,0.70,venus,13,34094,1,7462,41556,14597,10521
Slashdot,0.70,venus,16,34094,1,7520,41614,14597,7583
Slashdot,0.70,venus,20,34094,1,7464,41558,14597,7837
Slashdot,0.70,venus,18,34094,1,7589,41683,14597,9723
Slashdot,0.70,venus,22,34094,1,7440,41534,14597,7442
Slashdot,0.70,venus,14,34094,1,7460,41554,14597,14102
Slashdot,0.70,venus,21,34094,1,7486,41580,14597,9088
Slashdot,0.70,venus,24,34094,1,7393,41487,14597,7778
Slashdot,0.70,venus,17,34094,1,7381,41475,14597,14683
Slashdot,0.70,venus,19,34094,1,7448,41542,14597,14069
Slashdot,0.70,venus,25,34094,1,7426,41520,14597,10776
Slashdot,0.70,venus,27,34094,1,7655,41749,14597,6230
Slashdot,0.70,venus,23,34094,1,7387,41481,14597,12708
Slashdot,0.70,venus,29,34094,1,7598,41692,14597,7432
Slashdot,0.70,venus,30,34094,1,7426,41520,14597,8038
Slashdot,0.70,venus,26,34094,1,7542,41636,14597,9724
Slashdot,0.70,venus,28,34094,1,7386,41480,14597,11066
Slashdot,0.70,venus,31,34094,1,7371,41465,14597,11370
Slashdot,0.70,venus,32,34094,1,7399,41493,14597,11129
Slashdot,0.70,venus,34,34094,1,7383,41477,14597,9688
Slashdot,0.70,venus,37,34094,1,7407,41501,14597,8116
Slashdot,0.70,venus,33,34094,1,7337,41431,14597,11601
Slashdot,0.70,venus,35,34094,1,7493,41587,14597,10446
Slashdot,0.70,venus,36,34094,1,7371,41465,14597,10219
Slashdot,0.70,venus,38,34094,1,7535,41629,14597,9804
Slashdot,0.70,venus,41,34094,1,7447,41541,14597,8339
Slashdot,0.70,venus,40,34094,1,7386,41480,14597,11064
Slashdot,0.70,venus,43,34094,1,7390,41484,14597,7347
Slashdot,0.70,venus,39,34094,1,7322,41416,14597,14099
Slashdot,0.70,venus,45,34094,1,7408,41502,14597,7470
Slashdot,0.70,venus,42,34094,1,7370,41464,14597,10983
Slashdot,0.70,venus,44,34094,1,7500,41594,14597,9821
Slashdot,0.70,venus,46,34094,1,7441,41535,14597,9089
Slashdot,0.70,venus,47,34094,1,7415,41509,14597,9571
Slashdot,0.70,venus,49,34094,1,7450,41544,14597,5417
Slashdot,0.70,venus,48,34094,1,7439,41533,14597,10003
Slashdot,0.70,venus,50,34094,1,7495,41589,14597,10172
Slashdot,0.60,gaia,2,46910,0,0,46910,14864,0
Slashdot,0.60,gaia,5,46910,0,0,46910,14864,0
Slashdot,0.60,gaia,4,46910,0,0,46910,14864,0
Slashdot,0.60,gaia,6,46910,0,0,46910,14864,0
Slashdot,0.60,gaia,7,46910,0,0,46910,14864,0
Slashdot,0.60,gaia,1,46910,0,0,46910,14864,0
Slashdot,0.60,gaia,11,46910,0,0,46910,14864,0
Slashdot,0.60,gaia,9,46910,0,0,46910,14864,0
Slashdot,0.60,gaia,8,46910,0,0,46910,14864,0
Slashdot,0.60,gaia,12,46910,0,0,46910,14864,0
Slashdot,0.60,gaia,13,46910,0,0,46910,14864,0
Slashdot,0.60,gaia,10,46910,0,0,46910,14864,0
Slashdot,0.60,gaia,3,46910,0,0,46910,14864,0
Slashdot,0.60,gaia,14,46910,0,0,46910,14864,0
Slashdot,0.60,gaia,15,46910,0,0,46910,14864,0
Slashdot,0.60,gaia,17,46910,0,0,46910,14864,0
Slashdot,0.60,gaia,16,46910,0,0,46910,14864,0
Slashdot,0.60,gaia,18,46910,0,0,46910,14864,0
Slashdot,0.60,gaia,20,46910,0,0,46910,14864,0
Slashdot,0.60,gaia,22,46910,0,0,46910,14864,0
Slashdot,0.60,gaia,21,46910,0,0,46910,14864,0
Slashdot,0.60,gaia,19,46910,0,0,46910,14864,0
Slashdot,0.60,gaia,24,46910,0,0,46910,14864,0
Slashdot,0.60,gaia,23,46910,0,0,46910,14864,0
Slashdot,0.60,gaia,26,46910,0,0,46910,14864,0
Slashdot,0.60,gaia,25,46910,0,0,46910,14864,0
Slashdot,0.60,gaia,27,46910,0,0,46910,14864,0
Slashdot,0.60,gaia,28,46910,0,0,46910,14864,0
Slashdot,0.60,gaia,30,46910,0,0,46910,14864,0
Slashdot,0.60,gaia,31,46910,0,0,46910,14864,0
Slashdot,0.60,gaia,29,46910,0,0,46910,14864,0
Slashdot,0.60,gaia,32,46910,0,0,46910,14864,0
Slashdot,0.60,gaia,35,46910,0,0,46910,14864,0
Slashdot,0.60,gaia,34,46910,0,0,46910,14864,0
Slashdot,0.60,gaia,33,46910,0,0,46910,14864,0
Slashdot,0.60,gaia,36,46910,0,0,46910,14864,0
Slashdot,0.60,gaia,38,46910,0,0,46910,14864,0
Slashdot,0.60,gaia,37,46910,0,0,46910,14864,0
Slashdot,0.60,gaia,39,46910,0,0,46910,14864,0
Slashdot,0.60,gaia,40,46910,0,0,46910,14864,0
Slashdot,0.60,gaia,41,46910,0,0,46910,14864,0
Slashdot,0.60,gaia,42,46910,0,0,46910,14864,0
Slashdot,0.60,gaia,44,46910,0,0,46910,14864,0
Slashdot,0.60,gaia,43,46910,0,0,46910,14864,0
Slashdot,0.60,gaia,45,46910,0,0,46910,14864,0
Slashdot,0.60,gaia,48,46910,0,0,46910,14864,0
Slashdot,0.60,gaia,46,46910,0,0,46910,14864,0
Slashdot,0.60,gaia,47,46910,0,0,46910,14864,0
Slashdot,0.60,gaia,49,46910,0,0,46910,14864,0
Slashdot,0.60,gaia,50,46910,0,0,46910,14864,0
Slashdot,0.60,venus,1,46910,0,0,46910,14864,0
Slashdot,0.60,venus,3,46910,0,0,46910,14864,0
Slashdot,0.60,venus,4,46910,0,0,46910,14864,0
Slashdot,0.60,venus,2,46910,0,0,46910,14864,0
Slashdot,0.60,venus,5,46910,0,0,46910,14864,0
Slashdot,0.60,venus,8,46910,0,0,46910,14864,0
Slashdot,0.60,venus,9,46910,0,0,46910,14864,0
Slashdot,0.60,venus,7,46910,0,0,46910,14864,0
Slashdot,0.60,venus,6,46910,0,0,46910,14864,0
Slashdot,0.60,venus,11,46910,0,0,46910,14864,0
Slashdot,0.60,venus,16,46910,0,0,46910,14864,0
Slashdot,0.60,venus,13,46910,0,0,46910,14864,0
Slashdot,0.60,venus,12,46910,0,0,46910,14864,0
Slashdot,0.60,venus,15,46910,0,0,46910,14864,0
Slashdot,0.60,venus,14,46910,0,0,46910,14864,0
Slashdot,0.60,venus,17,46910,0,0,46910,14864,0
Slashdot,0.60,venus,10,46910,0,0,46910,14864,0
Slashdot,0.60,venus,18,46910,0,0,46910,14864,0
Slashdot,0.60,venus,19,46910,0,0,46910,14864,0
Slashdot,0.60,venus,20,46910,0,0,46910,14864,0
Slashdot,0.60,venus,21,46910,0,0,46910,14864,0
Slashdot,0.60,venus,24,46910,0,0,46910,14864,0
Slashdot,0.60,venus,23,46910,0,0,46910,14864,0
Slashdot,0.60,venus,22,46910,0,0,46910,14864,0
Slashdot,0.60,venus,25,46910,0,0,46910,14864,0
Slashdot,0.60,venus,26,46910,0,0,46910,14864,0
Slashdot,0.60,venus,29,46910,0,0,46910,14864,0
Slashdot,0.60,venus,28,46910,0,0,46910,14864,0
Slashdot,0.60,venus,27,46910,0,0,46910,14864,0
Slashdot,0.60,venus,31,46910,0,0,46910,14864,0
Slashdot,0.60,venus,30,46910,0,0,46910,14864,0
Slashdot,0.60,venus,32,46910,0,0,46910,14864,0
Slashdot,0.60,venus,33,46910,0,0,46910,14864,0
Slashdot,0.60,venus,34,46910,0,0,46910,14864,0
Slashdot,0.60,venus,35,46910,0,0,46910,14864,0
Slashdot,0.60,venus,37,46910,0,0,46910,14864,0
Slashdot,0.60,venus,36,46910,0,0,46910,14864,0
Slashdot,0.60,venus,38,46910,0,0,46910,14864,0
Slashdot,0.60,venus,39,46910,0,0,46910,14864,0
Slashdot,0.60,venus,43,46910,0,0,46910,14864,0
Slashdot,0.60,venus,44,46910,0,0,46910,14864,0
Slashdot,0.60,venus,40,46910,0,0,46910,14864,0
Slashdot,0.60,venus,41,46910,0,0,46910,14864,0
Slashdot,0.60,venus,42,46910,0,0,46910,14864,0
Slashdot,0.60,venus,45,46910,0,0,46910,14864,0
Slashdot,0.60,venus,47,46910,0,0,46910,14864,0
Slashdot,0.60,venus,46,46910,0,0,46910,14864,0
Slashdot,0.60,venus,48,46910,0,0,46910,14864,0
Slashdot,0.60,venus,49,46910,0,0,46910,14864,0
Slashdot,0.60,venus,50,46910,0,0,46910,14864,0
Slashdot,0.50,gaia,2,46910,0,0,46910,14932,0
Slashdot,0.50,gaia,6,46910,0,0,46910,14932,0
Slashdot,0.50,gaia,3,46910,0,0,46910,14932,0
Slashdot,0.50,gaia,8,46910,0,0,46910,14932,0
Slashdot,0.50,gaia,4,46910,0,0,46910,14932,0
Slashdot,0.50,gaia,11,46910,0,0,46910,14932,0
Slashdot,0.50,gaia,9,46910,0,0,46910,14932,0
Slashdot,0.50,gaia,7,46910,0,0,46910,14932,0
Slashdot,0.50,gaia,1,46910,0,0,46910,14932,0
Slashdot,0.50,gaia,13,46910,0,0,46910,14932,0
Slashdot,0.50,gaia,10,46910,0,0,46910,14932,0
Slashdot,0.50,gaia,12,46910,0,0,46910,14932,0
Slashdot,0.50,gaia,5,46910,0,0,46910,14932,0
Slashdot,0.50,gaia,15,46910,0,0,46910,14932,0
Slashdot,0.50,gaia,14,46910,0,0,46910,14932,0
Slashdot,0.50,gaia,16,46910,0,0,46910,14932,0
Slashdot,0.50,gaia,17,46910,0,0,46910,14932,0
Slashdot,0.50,gaia,19,46910,0,0,46910,14932,0
Slashdot,0.50,gaia,18,46910,0,0,46910,14932,0
Slashdot,0.50,gaia,20,46910,0,0,46910,14932,0
Slashdot,0.50,gaia,22,46910,0,0,46910,14932,0
Slashdot,0.50,gaia,21,46910,0,0,46910,14932,0
Slashdot,0.50,gaia,23,46910,0,0,46910,14932,0
Slashdot,0.50,gaia,24,46910,0,0,46910,14932,0
Slashdot,0.50,gaia,25,46910,0,0,46910,14932,0
Slashdot,0.50,gaia,26,46910,0,0,46910,14932,0
Slashdot,0.50,gaia,28,46910,0,0,46910,14932,0
Slashdot,0.50,gaia,27,46910,0,0,46910,14932,0
Slashdot,0.50,gaia,29,46910,0,0,46910,14932,0
Slashdot,0.50,gaia,30,46910,0,0,46910,14932,0
Slashdot,0.50,gaia,32,46910,0,0,46910,14932,0
Slashdot,0.50,gaia,31,46910,0,0,46910,14932,0
Slashdot,0.50,gaia,36,46910,0,0,46910,14932,0
Slashdot,0.50,gaia,33,46910,0,0,46910,14932,0
Slashdot,0.50,gaia,34,46910,0,0,46910,14932,0
Slashdot,0.50,gaia,37,46910,0,0,46910,14932,0
Slashdot,0.50,gaia,35,46910,0,0,46910,14932,0
Slashdot,0.50,gaia,38,46910,0,0,46910,14932,0
Slashdot,0.50,gaia,42,46910,0,0,46910,14932,0
Slashdot,0.50,gaia,40,46910,0,0,46910,14932,0
Slashdot,0.50,gaia,39,46910,0,0,46910,14932,0
Slashdot,0.50,gaia,41,46910,0,0,46910,14932,0
Slashdot,0.50,gaia,43,46910,0,0,46910,14932,0
Slashdot,0.50,gaia,44,46910,0,0,46910,14932,0
Slashdot,0.50,gaia,45,46910,0,0,46910,14932,0
Slashdot,0.50,gaia,46,46910,0,0,46910,14932,0
Slashdot,0.50,gaia,48,46910,0,0,46910,14932,0
Slashdot,0.50,gaia,47,46910,0,0,46910,14932,0
Slashdot,0.50,gaia,50,46910,0,0,46910,14932,0
Slashdot,0.50,gaia,49,46910,0,0,46910,14932,0
Slashdot,0.50,venus,3,46910,0,0,46910,14932,0
Slashdot,0.50,venus,1,46910,0,0,46910,14932,0
Slashdot,0.50,venus,2,46910,0,0,46910,14932,0
Slashdot,0.50,venus,5,46910,0,0,46910,14932,0
Slashdot,0.50,venus,4,46910,0,0,46910,14932,0
Slashdot,0.50,venus,7,46910,0,0,46910,14932,0
Slashdot,0.50,venus,6,46910,0,0,46910,14932,0
Slashdot,0.50,venus,8,46910,0,0,46910,14932,0
Slashdot,0.50,venus,9,46910,0,0,46910,14932,0
Slashdot,0.50,venus,10,46910,0,0,46910,14932,0
Slashdot,0.50,venus,12,46910,0,0,46910,14932,0
Slashdot,0.50,venus,11,46910,0,0,46910,14932,0
Slashdot,0.50,venus,15,46910,0,0,46910,14932,0
Slashdot,0.50,venus,14,46910,0,0,46910,14932,0
Slashdot,0.50,venus,13,46910,0,0,46910,14932,0
Slashdot,0.50,venus,18,46910,0,0,46910,14932,0
Slashdot,0.50,venus,17,46910,0,0,46910,14932,0
Slashdot,0.50,venus,19,46910,0,0,46910,14932,0
Slashdot,0.50,venus,16,46910,0,0,46910,14932,0
Slashdot,0.50,venus,23,46910,0,0,46910,14932,0
Slashdot,0.50,venus,21,46910,0,0,46910,14932,0
Slashdot,0.50,venus,20,46910,0,0,46910,14932,0
Slashdot,0.50,venus,22,46910,0,0,46910,14932,0
Slashdot,0.50,venus,25,46910,0,0,46910,14932,0
Slashdot,0.50,venus,24,46910,0,0,46910,14932,0
Slashdot,0.50,venus,26,46910,0,0,46910,14932,0
Slashdot,0.50,venus,28,46910,0,0,46910,14932,0
Slashdot,0.50,venus,27,46910,0,0,46910,14932,0
Slashdot,0.50,venus,30,46910,0,0,46910,14932,0
Slashdot,0.50,venus,31,46910,0,0,46910,14932,0
Slashdot,0.50,venus,29,46910,0,0,46910,14932,0
Slashdot,0.50,venus,32,46910,0,0,46910,14932,0
Slashdot,0.50,venus,33,46910,0,0,46910,14932,0
Slashdot,0.50,venus,35,46910,0,0,46910,14932,0
Slashdot,0.50,venus,37,46910,0,0,46910,14932,0
Slashdot,0.50,venus,40,46910,0,0,46910,14932,0
Slashdot,0.50,venus,36,46910,0,0,46910,14932,0
Slashdot,0.50,venus,39,46910,0,0,46910,14932,0
Slashdot,0.50,venus,38,46910,0,0,46910,14932,0
Slashdot,0.50,venus,34,46910,0,0,46910,14932,0
Slashdot,0.50,venus,41,46910,0,0,46910,14932,0
Slashdot,0.50,venus,42,46910,0,0,46910,14932,0
Slashdot,0.50,venus,44,46910,0,0,46910,14932,0
Slashdot,0.50,venus,43,46910,0,0,46910,14932,0
Slashdot,0.50,venus,46,46910,0,0,46910,14932,0
Slashdot,0.50,venus,47,46910,0,0,46910,14932,0
Slashdot,0.50,venus,45,46910,0,0,46910,14932,0
Slashdot,0.50,venus,49,46910,0,0,46910,14932,0
Slashdot,0.50,venus,48,46910,0,0,46910,14932,0
Slashdot,0.50,venus,50,46910,0,0,46910,14932,0
Epinions,1.00,gaia,5,0,1,30360,30360,16455,41211
Epinions,1.00,gaia,9,0,1,31157,31157,16455,45813
Epinions,1.00,gaia,10,0,1,30472,30472,16455,56625
Epinions,1.00,gaia,8,0,1,30299,30299,16455,64035
Epinions,1.00,gaia,3,0,1,30343,30343,16455,74793
Epinions,1.00,gaia,2,0,1,32464,32464,16455,76974
Epinions,1.00,gaia,4,0,1,29993,29993,16455,77091
Epinions,1.00,gaia,1,0,1,30447,30447,16455,77808
Epinions,1.00,gaia,12,0,1,30001,30001,16455,52552
Epinions,1.00,gaia,6,0,1,29969,29969,16455,103022
Epinions,1.00,gaia,13,0,1,30014,30014,16455,53713
Epinions,1.00,gaia,7,0,1,31310,31310,16455,112812
Epinions,1.00,gaia,18,0,1,30387,30387,16455,37395
Epinions,1.00,gaia,11,0,1,30332,30332,16455,75302
Epinions,1.00,gaia,16,0,1,32008,32008,16455,45085
Epinions,1.00,gaia,17,0,1,29936,29936,16455,50658
Epinions,1.00,gaia,19,0,1,30376,30376,16455,54435
Epinions,1.00,gaia,14,0,1,30133,30133,16455,104286
Epinions,1.00,gaia,21,0,1,30327,30327,16455,64421
Epinions,1.00,gaia,26,0,1,30010,30010,16455,51719
Epinions,1.00,gaia,25,0,1,30007,30007,16455,58641
Epinions,1.00,gaia,23,0,1,30363,30363,16455,66995
Epinions,1.00,gaia,24,0,1,30403,30403,16455,76737
Epinions,1.00,gaia,22,0,1,32570,32570,16455,89127
Epinions,1.00,gaia,27,0,1,31066,31066,16455,64872
Epinions,1.00,gaia,31,0,1,30420,30420,16455,51175
Epinions,1.00,gaia,29,0,1,29776,29776,16455,57170
Epinions,1.00,gaia,15,0,1,31054,31054,16455,168365
Epinions,1.00,gaia,34,0,1,30462,30462,16455,49424
Epinions,1.00,gaia,32,0,1,30377,30377,16455,69173
Epinions,1.00,gaia,28,0,1,30000,30000,16455,86782
Epinions,1.00,gaia,20,0,1,30068,30068,16455,156183
Epinions,1.00,gaia,30,0,1,30297,30297,16455,84728
Epinions,1.00,gaia,37,0,1,30472,30472,16455,59903
Epinions,1.00,gaia,39,0,1,30387,30387,16455,44894
Epinions,1.00,gaia,33,0,1,30377,30377,16455,111910
Epinions,1.00,gaia,40,0,1,30408,30408,16455,57212
Epinions,1.00,gaia,38,0,1,30369,30369,16455,70629
Epinions,1.00,gaia,41,0,1,30890,30890,16455,60878
Epinions,1.00,gaia,43,0,1,31003,31003,16455,56783
Epinions,1.00,gaia,35,0,1,32434,32434,16455,108472
Epinions,1.00,gaia,45,0,1,30461,30461,16455,48996
Epinions,1.00,gaia,42,0,1,30365,30365,16455,88173
Epinions,1.00,gaia,50,0,1,30421,30421,16455,47766
Epinions,1.00,gaia,47,0,1,32519,32519,16455,64738
Epinions,1.00,gaia,44,0,1,29969,29969,16455,85633
Epinions,1.00,gaia,46,0,1,30844,30844,16455,77892
Epinions,1.00,gaia,49,0,1,30875,30875,16455,74181
Epinions,1.00,venus,1,0,1,29769,29769,16455,76799
Epinions,1.00,gaia,36,0,1,31272,31272,16455,180291
Epinions,1.00,venus,4,0,1,29861,29861,16455,49503
Epinions,1.00,venus,2,0,1,29825,29825,16455,76151
Epinions,1.00,gaia,48,0,1,30379,30379,16455,118105
Epinions,1.00,venus,5,0,1,29809,29809,16455,62587
Epinions,1.00,venus,3,0,1,29775,29775,16455,93740
Epinions,1.00,venus,6,0,1,30938,30938,16455,74481
Epinions,1.00,venus,9,0,1,29840,29840,16455,56438
Epinions,1.00,venus,7,0,1,29744,29744,16455,88906
Epinions,1.00,venus,14,0,1,29796,29796,16455,40824
Epinions,1.00,venus,10,0,1,30594,30594,16455,75040
Epinions,1.00,venus,12,0,1,29852,29852,16455,68044
Epinions,1.00,venus,11,0,1,29934,29934,16455,71794
Epinions,1.00,venus,13,0,1,29818,29818,16455,61315
Epinions,1.00,venus,16,0,1,29782,29782,16455,45897
Epinions,1.00,venus,15,0,1,29745,29745,16455,59608
Epinions,1.00,venus,17,0,1,29804,29804,16455,54183
Epinions,1.00,venus,21,0,1,29860,29860,16455,40917
Epinions,1.00,venus,8,0,1,30025,30025,16455,148472
Epinions,1.00,venus,18,0,1,29993,29993,16455,79376
Epinions,1.00,venus,24,0,1,29879,29879,16455,53617
Epinions,1.00,venus,22,0,1,29813,29813,16455,79274
Epinions,1.00,venus,20,0,1,29794,29794,16455,84387
Epinions,1.00,venus,19,0,1,29724,29724,16455,112200
Epinions,1.00,venus,26,0,1,29807,29807,16455,75896
Epinions,1.00,venus,29,0,1,29832,29832,16455,43641
Epinions,1.00,venus,23,0,1,29920,29920,16455,104727
Epinions,1.00,venus,28,0,1,30146,30146,16455,70993
Epinions,1.00,venus,25,0,1,29771,29771,16455,115148
Epinions,1.00,venus,27,0,1,29752,29752,16455,89992
Epinions,1.00,venus,30,0,1,29780,29780,16455,75929
Epinions,1.00,venus,31,0,1,29865,29865,16455,59184
Epinions,1.00,venus,32,0,1,29832,29832,16455,65253
Epinions,1.00,venus,35,0,1,29786,29786,16455,42559
Epinions,1.00,venus,34,0,1,29760,29760,16455,61202
Epinions,1.00,venus,37,0,1,29955,29955,16455,44414
Epinions,1.00,venus,38,0,1,29806,29806,16455,46887
Epinions,1.00,venus,33,0,1,29805,29805,16455,77356
Epinions,1.00,venus,36,0,1,31889,31889,16455,84963
Epinions,1.00,venus,41,0,1,29810,29810,16455,57409
Epinions,1.00,venus,39,0,1,29858,29858,16455,66764
Epinions,1.00,venus,42,0,1,29721,29721,16455,77472
Epinions,1.00,venus,45,0,1,29878,29878,16455,62491
Epinions,1.00,venus,43,0,1,31723,31723,16455,80465
Epinions,1.00,venus,46,0,1,29854,29854,16455,62405
Epinions,1.00,venus,50,0,1,29800,29800,16455,48815
Epinions,1.00,venus,47,0,1,30115,30115,16455,76234
Epinions,1.00,venus,44,0,1,30007,30007,16455,92544
Epinions,1.00,venus,40,0,1,32338,32338,16455,116332
Epinions,1.00,venus,49,0,1,29785,29785,16455,61834
Epinions,1.00,venus,48,0,1,32057,32057,16455,73410
Epinions,0.90,gaia,1,9520,1,20344,29864,26876,23294
Epinions,0.90,gaia,9,9520,1,20422,29942,26876,24928
Epinions,0.90,gaia,7,9520,1,20734,30254,26876,31259
Epinions,0.90,gaia,4,9520,1,20548,30068,26876,33211
Epinions,0.90,gaia,5,9520,1,20443,29963,26876,38636
Epinions,0.90,gaia,8,9520,1,20459,29979,26876,38952
Epinions,0.90,gaia,3,9520,1,20398,29918,26876,42359
Epinions,0.90,gaia,11,9520,1,20522,30042,26876,24856
Epinions,0.90,gaia,15,9520,1,20275,29795,26876,15492
Epinions,0.90,gaia,17,9520,1,20107,29627,26876,18623
Epinions,0.90,gaia,10,9520,1,20379,29899,26876,63337
Epinions,0.90,gaia,14,9520,1,20314,29834,26876,33615
Epinions,0.90,gaia,13,9520,1,21554,31074,26876,38682
Epinions,0.90,gaia,18,9520,1,20203,29723,26876,26486
Epinions,0.90,gaia,16,9520,1,21008,30528,26876,41891
Epinions,0.90,gaia,2,9520,1,20192,29712,26876,86594
Epinions,0.90,gaia,19,9520,1,21624,31144,26876,35349
Epinions,0.90,gaia,6,9520,1,20206,29726,26876,97656
Epinions,0.90,gaia,25,9520,1,20595,30115,26876,17283
Epinions,0.90,gaia,23,9520,1,20414,29934,26876,29581
Epinions,0.90,gaia,24,9520,1,21514,31034,26876,31166
Epinions,0.90,gaia,21,9520,1,20665,30185,26876,43552
Epinions,0.90,gaia,22,9520,1,20319,29839,26876,42031
Epinions,0.90,gaia,20,9520,1,20287,29807,26876,51123
Epinions,0.90,gaia,28,9520,1,20240,29760,26876,22621
Epinions,0.90,gaia,27,9520,1,20367,29887,26876,31576
Epinions,0.90,gaia,32,9520,1,20853,30373,26876,18334
Epinions,0.90,gaia,26,9520,1,20380,29900,26876,45873
Epinions,0.90,gaia,33,9520,1,20172,29692,26876,25855
Epinions,0.90,gaia,30,9520,1,20769,30289,26876,41069
Epinions,0.90,gaia,31,9520,1,20259,29779,26876,38092
Epinions,0.90,gaia,36,9520,1,20244,29764,26876,26391
Epinions,0.90,gaia,35,9520,1,21886,31406,26876,28044
Epinions,0.90,gaia,29,9520,1,21691,31211,26876,57005
Epinions,0.90,gaia,39,9520,1,21620,31140,26876,24838
Epinions,0.90,gaia,12,9520,1,20765,30285,26876,135865
Epinions,0.90,gaia,41,9520,1,20632,30152,26876,17395
Epinions,0.90,gaia,37,9520,1,20494,30014,26876,47760
Epinions,0.90,gaia,38,9520,1,20136,29656,26876,44965
Epinions,0.90,gaia,42,9520,1,20617,30137,26876,33390
Epinions,0.90,gaia,43,9520,1,20193,29713,26876,33478
Epinions,0.90,gaia,45,9520,1,20242,29762,26876,26626
Epinions,0.90,gaia,44,9520,1,20198,29718,26876,32117
Epinions,0.90,gaia,40,9520,1,20409,29929,26876,47704
Epinions,0.90,gaia,48,9520,1,21383,30903,26876,28728
Epinions,0.90,gaia,49,9520,1,20658,30178,26876,26006
Epinions,0.90,gaia,34,9520,1,20562,30082,26876,92702
Epinions,0.90,venus,3,9520,1,20034,29554,26876,21705
Epinions,0.90,venus,1,9520,1,20033,29553,26876,27331
Epinions,0.90,gaia,47,9520,1,20972,30492,26876,47860
Epinions,0.90,venus,2,9520,1,20027,29547,26876,25013
Epinions,0.90,gaia,46,9520,1,20340,29860,26876,53254
Epinions,0.90,gaia,50,9520,1,20744,30264,26876,35028
Epinions,0.90,venus,4,9520,1,20050,29570,26876,28731
Epinions,0.90,venus,9,9520,1,20019,29539,26876,16772
Epinions,0.90,venus,7,9520,1,20024,29544,26876,23136
Epinions,0.90,venus,6,9520,1,20198,29718,26876,26165
Epinions,0.90,venus,11,9520,1,20257,29777,26876,21765
Epinions,0.90,venus,8,9520,1,20009,29529,26876,24644
Epinions,0.90,venus,14,9520,1,20048,29568,26876,20932
Epinions,0.90,venus,5,9520,1,20043,29563,26876,37595
Epinions,0.90,venus,10,9520,1,19984,29504,26876,31161
Epinions,0.90,venus,13,9520,1,20043,29563,26876,27133
Epinions,0.90,venus,15,9520,1,20010,29530,26876,19121
Epinions,0.90,venus,12,9520,1,20077,29597,26876,31875
Epinions,0.90,venus,18,9520,1,20380,29900,26876,16894
Epinions,0.90,venus,17,9520,1,20035,29555,26876,20806
Epinions,0.90,venus,16,9520,1,20040,29560,26876,22978
Epinions,0.90,venus,19,9520,1,19988,29508,26876,22760
Epinions,0.90,venus,21,9520,1,20060,29580,26876,17982
Epinions,0.90,venus,22,9520,1,20223,29743,26876,25902
Epinions,0.90,venus,23,9520,1,20046,29566,26876,24659
Epinions,0.90,venus,24,9520,1,20046,29566,26876,22652
Epinions,0.90,venus,25,9520,1,21167,30687,26876,23128
Epinions,0.90,venus,28,9520,1,20050,29570,26876,21663
Epinions,0.90,venus,20,9520,1,20024,29544,26876,36757
Epinions,0.90,venus,29,9520,1,20112,29632,26876,20554
Epinions,0.90,venus,26,9520,1,20079,29599,26876,30547
Epinions,0.90,venus,30,9520,1,20037,29557,26876,24372
Epinions,0.90,venus,27,9520,1,20018,29538,26876,32867
Epinions,0.90,venus,31,9520,1,20248,29768,26876,24551
Epinions,0.90,venus,34,9520,1,21281,30801,26876,26436
Epinions,0.90,venus,33,9520,1,20001,29521,26876,30165
Epinions,0.90,venus,32,9520,1,20029,29549,26876,30980
Epinions,0.90,venus,38,9520,1,20055,29575,26876,19443
Epinions,0.90,venus,39,9520,1,20356,29876,26876,23775
Epinions,0.90,venus,35,9520,1,21532,31052,26876,32900
Epinions,0.90,venus,36,9520,1,20056,29576,26876,31512
Epinions,0.90,venus,40,9520,1,20045,29565,26876,23432
Epinions,0.90,venus,42,9520,1,20056,29576,26876,21422
Epinions,0.90,venus,41,9520,1,20085,29605,26876,27422
Epinions,0.90,venus,49,9520,1,21386,30906,26876,16514
Epinions,0.90,venus,45,9520,1,19985,29505,26876,24143
Epinions,0.90,venus,47,9520,1,20054,29574,26876,18868
Epinions,0.90,venus,43,9520,1,20037,29557,26876,27397
Epinions,0.90,venus,48,9520,1,20118,29638,26876,21359
Epinions,0.90,venus,44,9520,1,19981,29501,26876,31202
Epinions,0.90,venus,37,9520,1,20497,30017,26876,57389
Epinions,0.90,venus,50,9520,1,20034,29554,26876,27822
Epinions,0.90,venus,46,9520,1,20070,29590,26876,40363
Epinions,0.80,gaia,8,21760,1,10384,32144,28437,9224
Epinions,0.80,gaia,5,21760,1,10362,32122,28437,14900
Epinions,0.80,gaia,4,21760,1,10429,32189,28437,15574
Epinions,0.80,gaia,7,21760,1,10807,32567,28437,17001
Epinions,0.80,gaia,1,21760,1,11456,33216,28437,19050
Epinions,0.80,gaia,2,21760,1,10433,32193,28437,19653
Epinions,0.80,gaia,11,21760,1,11711,33471,28437,10549
Epinions,0.80,gaia,6,21760,1,10470,32230,28437,22762
Epinions,0.80,gaia,10,21760,1,11274,33034,28437,23520
Epinions,0.80,gaia,14,21760,1,10475,32235,28437,9444
Epinions,0.80,gaia,12,21760,1,10215,31975,28437,12096
Epinions,0.80,gaia,9,21760,1,10443,32203,28437,27455
Epinions,0.80,gaia,3,21760,1,10342,32102,28437,32651
Epinions,0.80,gaia,20,21760,1,10742,32502,28437,6857
Epinions,0.80,gaia,17,21760,1,10311,32071,28437,14925
Epinions,0.80,gaia,18,21760,1,10558,32318,28437,12086
Epinions,0.80,gaia,15,21760,1,10433,32193,28437,16808
Epinions,0.80,gaia,21,21760,1,10521,32281,28437,9395
Epinions,0.80,gaia,16,21760,1,10334,32094,28437,17387
Epinions,0.80,gaia,19,21760,1,10273,32033,28437,15760
Epinions,0.80,gaia,13,21760,1,11051,32811,28437,24818
Epinions,0.80,gaia,22,21760,1,10466,32226,28437,14163
Epinions,0.80,gaia,28,21760,1,10595,32355,28437,7544
Epinions,0.80,gaia,27,21760,1,11159,32919,28437,8138
Epinions,0.80,gaia,26,21760,1,10443,32203,28437,9333
Epinions,0.80,gaia,25,21760,1,10578,32338,28437,9689
Epinions,0.80,gaia,31,21760,1,10324,32084,28437,12541
Epinions,0.80,gaia,23,21760,1,10400,32160,28437,21409
Epinions,0.80,gaia,32,21760,1,10517,32277,28437,14193
Epinions,0.80,gaia,35,21760,1,10686,32446,28437,11962
Epinions,0.80,gaia,33,21760,1,10482,32242,28437,12609
Epinions,0.80,gaia,36,21760,1,11660,33420,28437,12390
Epinions,0.80,gaia,24,21760,1,10245,32005,28437,26222
Epinions,0.80,gaia,39,21760,1,10580,32340,28437,5097
Epinions,0.80,gaia,37,21760,1,10230,31990,28437,12094
Epinions,0.80,gaia,29,21760,1,10946,32706,28437,29516
Epinions,0.80,gaia,41,21760,1,10526,32286,28437,10215
Epinions,0.80,gaia,34,21760,1,10094,31854,28437,24744
Epinions,0.80,gaia,43,21760,1,10769,32529,28437,12251
Epinions,0.80,gaia,38,21760,1,10225,31985,28437,18392
Epinions,0.80,gaia,42,21760,1,10352,32112,28437,16447
Epinions,0.80,gaia,47,21760,1,11645,33405,28437,6919
Epinions,0.80,gaia,44,21760,1,10250,32010,28437,13127
Epinions,0.80,gaia,30,21760,1,10300,32060,28437,35825
Epinions,0.80,gaia,46,21760,1,10531,32291,28437,9945
Epinions,0.80,gaia,48,21760,1,10766,32526,28437,9554
Epinions,0.80,gaia,40,21760,1,11738,33498,28437,22191
Epinions,0.80,gaia,45,21760,1,10453,32213,28437,16893
Epinions,0.80,venus,1,21760,1,10199,31959,28437,9649
Epinions,0.80,venus,2,21760,1,10140,31900,28437,9738
Epinions,0.80,venus,4,21760,1,10122,31882,28437,8667
Epinions,0.80,venus,3,21760,1,10213,31973,28437,10288
Epinions,0.80,venus,6,21760,1,10095,31855,28437,8240
Epinions,0.80,venus,7,21760,1,10226,31986,28437,9087
Epinions,0.80,venus,5,21760,1,10163,31923,28437,12568
Epinions,0.80,gaia,50,21760,1,10568,32328,28437,17245
Epinions,0.80,venus,9,21760,1,10152,31912,28437,7713
Epinions,0.80,venus,10,21760,1,10137,31897,28437,9668
Epinions,0.80,venus,8,21760,1,10098,31858,28437,11652
Epinions,0.80,venus,11,21760,1,10089,31849,28437,10573
Epinions,0.80,venus,14,21760,1,10158,31918,28437,8431
Epinions,0.80,venus,12,21760,1,10092,31852,28437,15174
Epinions,0.80,venus,13,21760,1,10151,31911,28437,13290
Epinions,0.80,venus,17,21760,1,10495,32255,28437,9421
Epinions,0.80,venus,16,21760,1,10090,31850,28437,11576
Epinions,0.80,venus,18,21760,1,10443,32203,28437,9250
Epinions,0.80,gaia,49,21760,1,10293,32053,28437,30581
Epinions,0.80,venus,19,21760,1,10131,31891,28437,10859
Epinions,0.80,venus,21,21760,1,10237,31997,28437,9948
Epinions,0.80,venus,24,21760,1,10149,31909,28437,6040
Epinions,0.80,venus,20,21760,1,10114,31874,28437,12345
Epinions,0.80,venus,15,21760,1,10124,31884,28437,17938
Epinions,0.80,venus,25,21760,1,10116,31876,28437,6842
Epinions,0.80,venus,26,21760,1,10177,31937,28437,8418
Epinions,0.80,venus,23,21760,1,10255,32015,28437,11432
Epinions,0.80,venus,30,21760,1,10149,31909,28437,5877
Epinions,0.80,venus,27,21760,1,10153,31913,28437,10085
Epinions,0.80,venus,22,21760,1,10147,31907,28437,13107
Epinions,0.80,venus,28,21760,1,10107,31867,28437,8611
Epinions,0.80,venus,29,21760,1,10207,31967,28437,8046
Epinions,0.80,venus,32,21760,1,10138,31898,28437,8280
Epinions,0.80,venus,31,21760,1,10072,31832,28437,9629
Epinions,0.80,venus,33,21760,1,10116,31876,28437,11899
Epinions,0.80,venus,35,21760,1,10391,32151,28437,9090
Epinions,0.80,venus,38,21760,1,10159,31919,28437,9600
Epinions,0.80,venus,34,21760,1,10243,32003,28437,11808
Epinions,0.80,venus,40,21760,1,10099,31859,28437,10100
Epinions,0.80,venus,41,21760,1,10175,31935,28437,8714
Epinions,0.80,venus,36,21760,1,10101,31861,28437,13178
Epinions,0.80,venus,37,21760,1,10101,31861,28437,13326
Epinions,0.80,venus,42,21760,1,10511,32271,28437,9777
Epinions,0.80,venus,43,21760,1,10368,32128,28437,7241
Epinions,0.80,venus,44,21760,1,10142,31902,28437,7647
Epinions,0.80,venus,39,21760,1,10122,31882,28437,15031
Epinions,0.80,venus,48,21760,1,10151,31911,28437,6584
Epinions,0.80,venus,49,21760,1,10137,31897,28437,6684
Epinions,0.80,venus,45,21760,1,10358,32118,28437,11156
Epinions,0.80,venus,50,21760,1,10108,31868,28437,8738
Epinions,0.80,venus,47,21760,1,10051,31811,28437,11524
Epinions,0.80,venus,46,21760,1,10102,31862,28437,17667
Epinions,0.70,gaia,4,30808,1,3708,34516,28871,1989
Epinions,0.70,gaia,2,30808,1,3614,34422,28871,2232
Epinions,0.70,gaia,5,30808,1,3549,34357,28871,2352
Epinions,0.70,gaia,10,30808,1,3498,34306,28871,2990
Epinions,0.70,gaia,6,30808,1,3552,34360,28871,3123
Epinions,0.70,gaia,11,30808,1,3666,34474,28871,1451
Epinions,0.70,gaia,9,30808,1,3392,34200,28871,3566
Epinions,0.70,gaia,3,30808,1,3748,34556,28871,3658
Epinions,0.70,gaia,12,30808,1,3405,34213,28871,2079
Epinions,0.70,gaia,7,30808,1,3455,34263,28871,4392
Epinions,0.70,gaia,13,30808,1,3413,34221,28871,2374
Epinions,0.70,gaia,8,30808,1,3403,34211,28871,4969
Epinions,0.70,gaia,15,30808,1,3590,34398,28871,2280
Epinions,0.70,gaia,1,30808,1,3421,34229,28871,5513
Epinions,0.70,gaia,14,30808,1,3568,34376,28871,2892
Epinions,0.70,gaia,17,30808,1,3552,34360,28871,2711
Epinions,0.70,gaia,16,30808,1,3708,34516,28871,2930
Epinions,0.70,gaia,18,30808,1,3403,34211,28871,2789
Epinions,0.70,gaia,21,30808,1,3651,34459,28871,2421
Epinions,0.70,gaia,19,30808,1,3661,34469,28871,3155
Epinions,0.70,gaia,23,30808,1,3374,34182,28871,2220
Epinions,0.70,gaia,20,30808,1,3582,34390,28871,3308
Epinions,0.70,gaia,24,30808,1,3593,34401,28871,2584
Epinions,0.70,gaia,25,30808,1,3895,34703,28871,3135
Epinions,0.70,gaia,26,30808,1,3513,34321,28871,3065
Epinions,0.70,gaia,28,30808,1,3565,34373,28871,3449
Epinions,0.70,gaia,30,30808,1,3534,34342,28871,2454
Epinions,0.70,gaia,31,30808,1,3625,34433,28871,2412
Epinions,0.70,gaia,29,30808,1,3584,34392,28871,3149
Epinions,0.70,gaia,22,30808,1,3460,34268,28871,5787
Epinions,0.70,gaia,32,30808,1,3392,34200,28871,3244
Epinions,0.70,gaia,33,30808,1,3418,34226,28871,3223
Epinions,0.70,gaia,37,30808,1,3530,34338,28871,1892
Epinions,0.70,gaia,39,30808,1,3493,34301,28871,1604
Epinions,0.70,gaia,35,30808,1,3664,34472,28871,3224
Epinions,0.70,gaia,40,30808,1,3574,34382,28871,2112
Epinions,0.70,gaia,27,30808,1,3484,34292,28871,6590
Epinions,0.70,gaia,43,30808,1,3450,34258,28871,2295
Epinions,0.70,gaia,41,30808,1,3515,34323,28871,3333
Epinions,0.70,gaia,42,30808,1,3645,34453,28871,3595
Epinions,0.70,gaia,34,30808,1,3514,34322,28871,6000
Epinions,0.70,gaia,47,30808,1,3635,34443,28871,2807
Epinions,0.70,gaia,36,30808,1,3569,34377,28871,6381
Epinions,0.70,gaia,44,30808,1,3390,34198,28871,4526
Epinions,0.70,gaia,38,30808,1,3491,34299,28871,6869
Epinions,0.70,gaia,48,30808,1,3587,34395,28871,3375
Epinions,0.70,gaia,45,30808,1,3407,34215,28871,4942
Epinions,0.70,gaia,49,30808,1,3617,34425,28871,3256
Epinions,0.70,venus,1,30808,1,3474,34282,28871,3075
Epinions,0.70,venus,2,30808,1,3383,34191,28871,2426
Epinions,0.70,gaia,46,30808,1,3359,34167,28871,5679
Epinions,0.70,gaia,50,30808,1,3412,34220,28871,3656
Epinions,0.70,venus,3,30808,1,3488,34296,28871,2459
Epinions,0.70,venus,5,30808,1,3352,34160,28871,1988
Epinions,0.70,venus,4,30808,1,3483,34291,28871,2988
Epinions,0.70,venus,7,30808,1,3484,34292,28871,1950
Epinions,0.70,venus,9,30808,1,3493,34301,28871,2062
Epinions,0.70,venus,12,30808,1,3522,34330,28871,1984
Epinions,0.70,venus,8,30808,1,3534,34342,28871,3640
Epinions,0.70,venus,6,30808,1,3536,34344,28871,4101
Epinions,0.70,venus,14,30808,1,3360,34168,28871,2806
Epinions,0.70,venus,10,30808,1,3576,34384,28871,3595
Epinions,0.70,venus,15,30808,1,3417,34225,28871,2386
Epinions,0.70,venus,11,30808,1,3375,34183,28871,3628
Epinions,0.70,venus,13,30808,1,3529,34337,28871,3675
Epinions,0.70,venus,17,30808,1,3454,34262,28871,2319
Epinions,0.70,venus,16,30808,1,3520,34328,28871,3817
Epinions,0.70,venus,19,30808,1,3559,34367,28871,2462
Epinions,0.70,venus,20,30808,1,3486,34294,28871,2855
Epinions,0.70,venus,21,30808,1,3546,34354,28871,2894
Epinions,0.70,venus,24,30808,1,3470,34278,28871,3009
Epinions,0.70,venus,23,30808,1,3536,34344,28871,3403
Epinions,0.70,venus,22,30808,1,3341,34149,28871,3809
Epinions,0.70,venus,26,30808,1,3538,34346,28871,3266
Epinions,0.70,venus,25,30808,1,3513,34321,28871,3660
Epinions,0.70,venus,18,30808,1,3413,34221,28871,5569
Epinions,0.70,venus,27,30808,1,3373,34181,28871,2913
Epinions,0.70,venus,28,30808,1,3402,34210,28871,3124
Epinions,0.70,venus,29,30808,1,3392,34200,28871,2895
Epinions,0.70,venus,32,30808,1,3386,34194,28871,2542
Epinions,0.70,venus,31,30808,1,3529,34337,28871,2990
Epinions,0.70,venus,33,30808,1,3497,34305,28871,2687
Epinions,0.70,venus,34,30808,1,3488,34296,28871,2683
Epinions,0.70,venus,37,30808,1,3452,34260,28871,2461
Epinions,0.70,venus,30,30808,1,3448,34256,28871,4466
Epinions,0.70,venus,35,30808,1,3492,34300,28871,3038
Epinions,0.70,venus,36,30808,1,3574,34382,28871,3107
Epinions,0.70,venus,41,30808,1,3430,34238,28871,2312
Epinions,0.70,venus,39,30808,1,3527,34335,28871,3317
Epinions,0.70,venus,45,30808,1,3394,34202,28871,2819
Epinions,0.70,venus,46,30808,1,3457,34265,28871,2921
Epinions,0.70,venus,44,30808,1,3430,34238,28871,3596
Epinions,0.70,venus,43,30808,1,3514,34322,28871,3941
Epinions,0.70,venus,47,30808,1,3485,34293,28871,3408
Epinions,0.70,venus,42,30808,1,3389,34197,28871,4369
Epinions,0.70,venus,40,30808,1,3492,34300,28871,5205
Epinions,0.70,venus,38,30808,1,3416,34224,28871,6378
Epinions,0.70,venus,48,30808,1,3573,34381,28871,2911
Epinions,0.70,venus,49,30808,1,3473,34281,28871,3135
Epinions,0.70,venus,50,30808,1,3365,34173,28871,1965
Epinions,0.60,gaia,5,36960,0,0,36960,29024,0
Epinions,0.60,gaia,8,36960,0,0,36960,29024,0
Epinions,0.60,gaia,7,36960,0,0,36960,29024,0
Epinions,0.60,gaia,1,36960,0,0,36960,29024,0
Epinions,0.60,gaia,2,36960,0,0,36960,29024,0
Epinions,0.60,gaia,3,36960,0,0,36960,29024,0
Epinions,0.60,gaia,10,36960,0,0,36960,29024,0
Epinions,0.60,gaia,6,36960,0,0,36960,29024,0
Epinions,0.60,gaia,11,36960,0,0,36960,29024,0
Epinions,0.60,gaia,9,36960,0,0,36960,29024,0
Epinions,0.60,gaia,4,36960,0,0,36960,29024,0
Epinions,0.60,gaia,12,36960,0,0,36960,29024,0
Epinions,0.60,gaia,13,36960,0,0,36960,29024,0
Epinions,0.60,gaia,14,36960,0,0,36960,29024,0
Epinions,0.60,gaia,17,36960,0,0,36960,29024,0
Epinions,0.60,gaia,16,36960,0,0,36960,29024,0
Epinions,0.60,gaia,15,36960,0,0,36960,29024,0
Epinions,0.60,gaia,18,36960,0,0,36960,29024,0
Epinions,0.60,gaia,20,36960,0,0,36960,29024,0
Epinions,0.60,gaia,19,36960,0,0,36960,29024,0
Epinions,0.60,gaia,22,36960,0,0,36960,29024,0
Epinions,0.60,gaia,21,36960,0,0,36960,29024,0
Epinions,0.60,gaia,23,36960,0,0,36960,29024,0
Epinions,0.60,gaia,24,36960,0,0,36960,29024,0
Epinions,0.60,gaia,25,36960,0,0,36960,29024,0
Epinions,0.60,gaia,27,36960,0,0,36960,29024,0
Epinions,0.60,gaia,29,36960,0,0,36960,29024,0
Epinions,0.60,gaia,28,36960,0,0,36960,29024,0
Epinions,0.60,gaia,26,36960,0,0,36960,29024,0
Epinions,0.60,gaia,30,36960,0,0,36960,29024,0
Epinions,0.60,gaia,34,36960,0,0,36960,29024,0
Epinions,0.60,gaia,32,36960,0,0,36960,29024,0
Epinions,0.60,gaia,31,36960,0,0,36960,29024,0
Epinions,0.60,gaia,36,36960,0,0,36960,29024,0
Epinions,0.60,gaia,33,36960,0,0,36960,29024,0
Epinions,0.60,gaia,35,36960,0,0,36960,29024,0
Epinions,0.60,gaia,37,36960,0,0,36960,29024,0
Epinions,0.60,gaia,39,36960,0,0,36960,29024,0
Epinions,0.60,gaia,38,36960,0,0,36960,29024,0
Epinions,0.60,gaia,40,36960,0,0,36960,29024,0
Epinions,0.60,gaia,41,36960,0,0,36960,29024,0
Epinions,0.60,gaia,42,36960,0,0,36960,29024,0
Epinions,0.60,gaia,44,36960,0,0,36960,29024,0
Epinions,0.60,gaia,43,36960,0,0,36960,29024,0
Epinions,0.60,gaia,46,36960,0,0,36960,29024,0
Epinions,0.60,gaia,45,36960,0,0,36960,29024,0
Epinions,0.60,gaia,47,36960,0,0,36960,29024,0
Epinions,0.60,gaia,49,36960,0,0,36960,29024,0
Epinions,0.60,gaia,48,36960,0,0,36960,29024,0
Epinions,0.60,gaia,50,36960,0,0,36960,29024,0
Epinions,0.60,venus,2,36960,0,0,36960,29024,0
Epinions,0.60,venus,3,36960,0,0,36960,29024,0
Epinions,0.60,venus,5,36960,0,0,36960,29024,0
Epinions,0.60,venus,1,36960,0,0,36960,29024,0
Epinions,0.60,venus,4,36960,0,0,36960,29024,0
Epinions,0.60,venus,6,36960,0,0,36960,29024,0
Epinions,0.60,venus,7,36960,0,0,36960,29024,0
Epinions,0.60,venus,8,36960,0,0,36960,29024,0
Epinions,0.60,venus,9,36960,0,0,36960,29024,0
Epinions,0.60,venus,10,36960,0,0,36960,29024,0
Epinions,0.60,venus,11,36960,0,0,36960,29024,0
Epinions,0.60,venus,13,36960,0,0,36960,29024,0
Epinions,0.60,venus,14,36960,0,0,36960,29024,0
Epinions,0.60,venus,15,36960,0,0,36960,29024,0
Epinions,0.60,venus,12,36960,0,0,36960,29024,0
Epinions,0.60,venus,17,36960,0,0,36960,29024,0
Epinions,0.60,venus,16,36960,0,0,36960,29024,0
Epinions,0.60,venus,19,36960,0,0,36960,29024,0
Epinions,0.60,venus,18,36960,0,0,36960,29024,0
Epinions,0.60,venus,20,36960,0,0,36960,29024,0
Epinions,0.60,venus,23,36960,0,0,36960,29024,0
Epinions,0.60,venus,21,36960,0,0,36960,29024,0
Epinions,0.60,venus,22,36960,0,0,36960,29024,0
Epinions,0.60,venus,24,36960,0,0,36960,29024,0
Epinions,0.60,venus,25,36960,0,0,36960,29024,0
Epinions,0.60,venus,27,36960,0,0,36960,29024,0
Epinions,0.60,venus,26,36960,0,0,36960,29024,0
Epinions,0.60,venus,29,36960,0,0,36960,29024,0
Epinions,0.60,venus,28,36960,0,0,36960,29024,0
Epinions,0.60,venus,30,36960,0,0,36960,29024,0
Epinions,0.60,venus,31,36960,0,0,36960,29024,0
Epinions,0.60,venus,34,36960,0,0,36960,29024,0
Epinions,0.60,venus,33,36960,0,0,36960,29024,0
Epinions,0.60,venus,35,36960,0,0,36960,29024,0
Epinions,0.60,venus,32,36960,0,0,36960,29024,0
Epinions,0.60,venus,37,36960,0,0,36960,29024,0
Epinions,0.60,venus,36,36960,0,0,36960,29024,0
Epinions,0.60,venus,39,36960,0,0,36960,29024,0
Epinions,0.60,venus,38,36960,0,0,36960,29024,0
Epinions,0.60,venus,40,36960,0,0,36960,29024,0
Epinions,0.60,venus,41,36960,0,0,36960,29024,0
Epinions,0.60,venus,42,36960,0,0,36960,29024,0
Epinions,0.60,venus,43,36960,0,0,36960,29024,0
Epinions,0.60,venus,45,36960,0,0,36960,29024,0
Epinions,0.60,venus,46,36960,0,0,36960,29024,0
Epinions,0.60,venus,44,36960,0,0,36960,29024,0
Epinions,0.60,venus,49,36960,0,0,36960,29024,0
Epinions,0.60,venus,48,36960,0,0,36960,29024,0
Epinions,0.60,venus,47,36960,0,0,36960,29024,0
Epinions,0.60,venus,50,36960,0,0,36960,29024,0
Epinions,0.50,gaia,6,36960,0,0,36960,29070,0
Epinions,0.50,gaia,1,36960,0,0,36960,29070,0
Epinions,0.50,gaia,3,36960,0,0,36960,29070,0
Epinions,0.50,gaia,8,36960,0,0,36960,29070,0
Epinions,0.50,gaia,5,36960,0,0,36960,29070,0
Epinions,0.50,gaia,9,36960,0,0,36960,29070,0
Epinions,0.50,gaia,13,36960,0,0,36960,29070,0
Epinions,0.50,gaia,7,36960,0,0,36960,29070,0
Epinions,0.50,gaia,11,36960,0,0,36960,29070,0
Epinions,0.50,gaia,4,36960,0,0,36960,29070,0
Epinions,0.50,gaia,10,36960,0,0,36960,29070,0
Epinions,0.50,gaia,2,36960,0,0,36960,29070,0
Epinions,0.50,gaia,14,36960,0,0,36960,29070,0
Epinions,0.50,gaia,12,36960,0,0,36960,29070,0
Epinions,0.50,gaia,17,36960,0,0,36960,29070,0
Epinions,0.50,gaia,16,36960,0,0,36960,29070,0
Epinions,0.50,gaia,19,36960,0,0,36960,29070,0
Epinions,0.50,gaia,18,36960,0,0,36960,29070,0
Epinions,0.50,gaia,15,36960,0,0,36960,29070,0
Epinions,0.50,gaia,20,36960,0,0,36960,29070,0
Epinions,0.50,gaia,21,36960,0,0,36960,29070,0
Epinions,0.50,gaia,22,36960,0,0,36960,29070,0
Epinions,0.50,gaia,23,36960,0,0,36960,29070,0
Epinions,0.50,gaia,24,36960,0,0,36960,29070,0
Epinions,0.50,gaia,26,36960,0,0,36960,29070,0
Epinions,0.50,gaia,25,36960,0,0,36960,29070,0
Epinions,0.50,gaia,27,36960,0,0,36960,29070,0
Epinions,0.50,gaia,28,36960,0,0,36960,29070,0
Epinions,0.50,gaia,29,36960,0,0,36960,29070,0
Epinions,0.50,gaia,31,36960,0,0,36960,29070,0
Epinions,0.50,gaia,32,36960,0,0,36960,29070,0
Epinions,0.50,gaia,30,36960,0,0,36960,29070,0
Epinions,0.50,gaia,35,36960,0,0,36960,29070,0
Epinions,0.50,gaia,34,36960,0,0,36960,29070,0
Epinions,0.50,gaia,37,36960,0,0,36960,29070,0
Epinions,0.50,gaia,33,36960,0,0,36960,29070,0
Epinions,0.50,gaia,36,36960,0,0,36960,29070,0
Epinions,0.50,gaia,38,36960,0,0,36960,29070,0
Epinions,0.50,gaia,39,36960,0,0,36960,29070,0
Epinions,0.50,gaia,41,36960,0,0,36960,29070,0
Epinions,0.50,gaia,40,36960,0,0,36960,29070,0
Epinions,0.50,gaia,42,36960,0,0,36960,29070,0
Epinions,0.50,gaia,43,36960,0,0,36960,29070,0
Epinions,0.50,gaia,44,36960,0,0,36960,29070,0
Epinions,0.50,gaia,45,36960,0,0,36960,29070,0
Epinions,0.50,gaia,47,36960,0,0,36960,29070,0
Epinions,0.50,gaia,46,36960,0,0,36960,29070,0
Epinions,0.50,gaia,49,36960,0,0,36960,29070,0
Epinions,0.50,gaia,48,36960,0,0,36960,29070,0
Epinions,0.50,gaia,50,36960,0,0,36960,29070,0
Epinions,0.50,venus,2,36960,0,0,36960,29070,0
Epinions,0.50,venus,3,36960,0,0,36960,29070,0
Epinions,0.50,venus,4,36960,0,0,36960,29070,0
Epinions,0.50,venus,5,36960,0,0,36960,29070,0
Epinions,0.50,venus,1,36960,0,0,36960,29070,0
Epinions,0.50,venus,6,36960,0,0,36960,29070,0
Epinions,0.50,venus,7,36960,0,0,36960,29070,0
Epinions,0.50,venus,8,36960,0,0,36960,29070,0
Epinions,0.50,venus,9,36960,0,0,36960,29070,0
Epinions,0.50,venus,10,36960,0,0,36960,29070,0
Epinions,0.50,venus,12,36960,0,0,36960,29070,0
Epinions,0.50,venus,13,36960,0,0,36960,29070,0
Epinions,0.50,venus,11,36960,0,0,36960,29070,0
Epinions,0.50,venus,15,36960,0,0,36960,29070,0
Epinions,0.50,venus,16,36960,0,0,36960,29070,0
Epinions,0.50,venus,14,36960,0,0,36960,29070,0
Epinions,0.50,venus,17,36960,0,0,36960,29070,0
Epinions,0.50,venus,18,36960,0,0,36960,29070,0
Epinions,0.50,venus,20,36960,0,0,36960,29070,0
Epinions,0.50,venus,19,36960,0,0,36960,29070,0
Epinions,0.50,venus,24,36960,0,0,36960,29070,0
Epinions,0.50,venus,22,36960,0,0,36960,29070,0
Epinions,0.50,venus,23,36960,0,0,36960,29070,0
Epinions,0.50,venus,21,36960,0,0,36960,29070,0
Epinions,0.50,venus,25,36960,0,0,36960,29070,0
Epinions,0.50,venus,26,36960,0,0,36960,29070,0
Epinions,0.50,venus,27,36960,0,0,36960,29070,0
Epinions,0.50,venus,29,36960,0,0,36960,29070,0
Epinions,0.50,venus,28,36960,0,0,36960,29070,0
Epinions,0.50,venus,31,36960,0,0,36960,29070,0
Epinions,0.50,venus,30,36960,0,0,36960,29070,0
Epinions,0.50,venus,32,36960,0,0,36960,29070,0
Epinions,0.50,venus,35,36960,0,0,36960,29070,0
Epinions,0.50,venus,34,36960,0,0,36960,29070,0
Epinions,0.50,venus,33,36960,0,0,36960,29070,0
Epinions,0.50,venus,37,36960,0,0,36960,29070,0
Epinions,0.50,venus,36,36960,0,0,36960,29070,0
Epinions,0.50,venus,38,36960,0,0,36960,29070,0
Epinions,0.50,venus,39,36960,0,0,36960,29070,0
Epinions,0.50,venus,41,36960,0,0,36960,29070,0
Epinions,0.50,venus,40,36960,0,0,36960,29070,0
Epinions,0.50,venus,43,36960,0,0,36960,29070,0
Epinions,0.50,venus,42,36960,0,0,36960,29070,0
Epinions,0.50,venus,45,36960,0,0,36960,29070,0
Epinions,0.50,venus,44,36960,0,0,36960,29070,0
Epinions,0.50,venus,47,36960,0,0,36960,29070,0
Epinions,0.50,venus,46,36960,0,0,36960,29070,0
Epinions,0.50,venus,48,36960,0,0,36960,29070,0
Epinions,0.50,venus,49,36960,0,0,36960,29070,0
Epinions,0.50,venus,50,36960,0,0,36960,29070,0
WikiSigned,1.00,gaia,4,0,4,27766,27766,13993,47982
WikiSigned,1.00,gaia,6,0,4,28400,28400,13993,58698
WikiSigned,1.00,gaia,2,0,4,28455,28455,13993,65607
WikiSigned,1.00,gaia,7,0,4,28015,28015,13993,80716
WikiSigned,1.00,gaia,3,0,4,28407,28407,13993,95554
WikiSigned,1.00,gaia,9,0,4,28506,28506,13993,98599
WikiSigned,1.00,gaia,5,0,4,28255,28255,13993,101806
WikiSigned,1.00,gaia,8,0,4,28339,28339,13993,105552
WikiSigned,1.00,gaia,1,0,4,28164,28164,13993,114147
WikiSigned,1.00,gaia,14,0,4,28465,28465,13993,61374
WikiSigned,1.00,gaia,11,0,4,28508,28508,13993,96057
WikiSigned,1.00,gaia,13,0,4,28624,28624,13993,79124
WikiSigned,1.00,gaia,16,0,4,28400,28400,13993,52557
WikiSigned,1.00,gaia,10,0,4,28059,28059,13993,152736
WikiSigned,1.00,gaia,12,0,4,27734,27734,13993,99328
WikiSigned,1.00,gaia,19,0,4,27919,27919,13993,63402
WikiSigned,1.00,gaia,22,0,4,28466,28466,13993,45808
WikiSigned,1.00,gaia,20,0,4,27978,27978,13993,52258
WikiSigned,1.00,gaia,17,0,4,27899,27899,13993,101409
WikiSigned,1.00,gaia,18,0,4,28422,28422,13993,97705
WikiSigned,1.00,gaia,23,0,4,27821,27821,13993,87651
WikiSigned,1.00,gaia,15,0,4,28291,28291,13993,145246
WikiSigned,1.00,gaia,24,0,4,28187,28187,13993,95355
WikiSigned,1.00,gaia,26,0,4,28208,28208,13993,72682
WikiSigned,1.00,gaia,25,0,4,28250,28250,13993,99263
WikiSigned,1.00,gaia,27,0,4,28413,28413,13993,67380
WikiSigned,1.00,gaia,21,0,4,27840,27840,13993,117840
WikiSigned,1.00,gaia,29,0,4,28195,28195,13993,73267
WikiSigned,1.00,gaia,30,0,4,28297,28297,13993,76982
WikiSigned,1.00,gaia,32,0,4,28569,28569,13993,52336
WikiSigned,1.00,gaia,28,0,4,27600,27600,13993,115342
WikiSigned,1.00,gaia,36,0,4,28465,28465,13993,59364
WikiSigned,1.00,gaia,38,0,4,28278,28278,13993,41512
WikiSigned,1.00,gaia,35,0,4,28123,28123,13993,70979
WikiSigned,1.00,gaia,31,0,4,27809,27809,13993,104574
WikiSigned,1.00,gaia,34,0,4,27962,27962,13993,102887
WikiSigned,1.00,gaia,39,0,4,28187,28187,13993,77356
WikiSigned,1.00,gaia,33,0,4,28402,28402,13993,128882
WikiSigned,1.00,gaia,37,0,4,27870,27870,13993,119156
WikiSigned,1.00,gaia,41,0,4,28468,28468,13993,84231
WikiSigned,1.00,gaia,44,0,4,28026,28026,13993,88194
WikiSigned,1.00,gaia,46,0,4,28300,28300,13993,66339
WikiSigned,1.00,gaia,40,0,4,28219,28219,13993,128512
WikiSigned,1.00,gaia,42,0,4,28319,28319,13993,122229
WikiSigned,1.00,gaia,43,0,4,28382,28382,13993,123855
WikiSigned,1.00,gaia,45,0,4,28458,28458,13993,101856
WikiSigned,1.00,gaia,47,0,4,28409,28409,13993,99098
WikiSigned,1.00,venus,2,0,4,27217,27217,13993,45948
WikiSigned,1.00,gaia,48,0,4,28006,28006,13993,106312
WikiSigned,1.00,gaia,49,0,4,28097,28097,13993,102658
WikiSigned,1.00,venus,1,0,4,27253,27253,13993,67343
WikiSigned,1.00,venus,3,0,4,27332,27332,13993,68192
WikiSigned,1.00,venus,5,0,4,27294,27294,13993,69357
WikiSigned,1.00,venus,6,0,4,27313,27313,13993,66516
WikiSigned,1.00,venus,8,0,4,27293,27293,13993,47846
WikiSigned,1.00,venus,11,0,4,27144,27144,13993,39111
WikiSigned,1.00,venus,7,0,4,27424,27424,13993,82520
WikiSigned,1.00,venus,4,0,4,27284,27284,13993,99766
WikiSigned,1.00,venus,10,0,4,27154,27154,13993,64513
WikiSigned,1.00,venus,9,0,4,27204,27204,13993,67678
WikiSigned,1.00,venus,16,0,4,27282,27282,13993,47428
WikiSigned,1.00,venus,13,0,4,27169,27169,13993,61470
WikiSigned,1.00,gaia,50,0,4,27810,27810,13993,180279
WikiSigned,1.00,venus,12,0,4,27242,27242,13993,85909
WikiSigned,1.00,venus,15,0,4,27335,27335,13993,68476
WikiSigned,1.00,venus,18,0,4,27441,27441,13993,48781
WikiSigned,1.00,venus,17,0,4,27448,27448,13993,67101
WikiSigned,1.00,venus,19,0,4,27405,27405,13993,77982
WikiSigned,1.00,venus,21,0,4,27372,27372,13993,56858
WikiSigned,1.00,venus,26,0,4,27502,27502,13993,44632
WikiSigned,1.00,venus,25,0,4,27235,27235,13993,58714
WikiSigned,1.00,venus,23,0,4,27432,27432,13993,68171
WikiSigned,1.00,venus,20,0,4,27201,27201,13993,96271
WikiSigned,1.00,venus,24,0,4,27228,27228,13993,75136
WikiSigned,1.00,venus,27,0,4,27280,27280,13993,51408
WikiSigned,1.00,venus,22,0,4,27132,27132,13993,92562
WikiSigned,1.00,venus,14,0,4,27284,27284,13993,155810
WikiSigned,1.00,venus,34,0,4,27355,27355,13993,46401
WikiSigned,1.00,venus,31,0,4,27335,27335,13993,57306
WikiSigned,1.00,venus,33,0,4,27573,27573,13993,63166
WikiSigned,1.00,venus,32,0,4,27268,27268,13993,68457
WikiSigned,1.00,venus,28,0,4,27392,27392,13993,96153
WikiSigned,1.00,venus,29,0,4,27164,27164,13993,98545
WikiSigned,1.00,venus,30,0,4,27254,27254,13993,93672
WikiSigned,1.00,venus,37,0,4,27204,27204,13993,61547
WikiSigned,1.00,venus,36,0,4,27428,27428,13993,72933
WikiSigned,1.00,venus,35,0,4,27255,27255,13993,108164
WikiSigned,1.00,venus,42,0,4,27317,27317,13993,47626
WikiSigned,1.00,venus,40,0,4,27175,27175,13993,75622
WikiSigned,1.00,venus,45,0,4,27308,27308,13993,66027
WikiSigned,1.00,venus,39,0,4,27428,27428,13993,97523
WikiSigned,1.00,venus,46,0,4,27301,27301,13993,57145
WikiSigned,1.00,venus,41,0,4,27202,27202,13993,86507
WikiSigned,1.00,venus,38,0,4,27157,27157,13993,102558
WikiSigned,1.00,venus,44,0,4,27296,27296,13993,73496
WikiSigned,1.00,venus,43,0,4,27299,27299,13993,75843
WikiSigned,1.00,venus,47,0,4,27276,27276,13993,45842
WikiSigned,1.00,venus,48,0,4,27192,27192,13993,53334
WikiSigned,1.00,venus,49,0,4,27265,27265,13993,43659
WikiSigned,1.00,venus,50,0,4,27190,27190,13993,42967
WikiSigned,0.90,gaia,10,7383,5,20362,27745,21832,30010
WikiSigned,0.90,gaia,7,7383,5,20448,27831,21832,31517
WikiSigned,0.90,gaia,6,7383,5,20108,27491,21832,31898
WikiSigned,0.90,gaia,9,7383,5,20543,27926,21832,39934
WikiSigned,0.90,gaia,3,7383,5,20256,27639,21832,40094
WikiSigned,0.90,gaia,5,7383,5,20576,27959,21832,44886
WikiSigned,0.90,gaia,1,7383,5,20418,27801,21832,47937
WikiSigned,0.90,gaia,8,7383,5,20486,27869,21832,50832
WikiSigned,0.90,gaia,4,7383,5,20774,28157,21832,59685
WikiSigned,0.90,gaia,11,7383,5,20599,27982,21832,30023
WikiSigned,0.90,gaia,15,7383,5,20507,27890,21832,23506
WikiSigned,0.90,gaia,12,7383,5,20811,28194,21832,36851
WikiSigned,0.90,gaia,16,7383,5,20420,27803,21832,27807
WikiSigned,0.90,gaia,14,7383,5,20869,28252,21832,34204
WikiSigned,0.90,gaia,13,7383,5,20229,27612,21832,44389
WikiSigned,0.90,gaia,2,7383,5,20294,27677,21832,77829
WikiSigned,0.90,gaia,18,7383,5,20963,28346,21832,32412
WikiSigned,0.90,gaia,19,7383,5,21064,28447,21832,25546
WikiSigned,0.90,gaia,20,7383,5,20766,28149,21832,27121
WikiSigned,0.90,gaia,17,7383,5,20506,27889,21832,54877
WikiSigned,0.90,gaia,23,7383,5,20438,27821,21832,33922
WikiSigned,0.90,gaia,25,7383,5,20679,28062,21832,31618
WikiSigned,0.90,gaia,27,7383,5,20895,28278,21832,24694
WikiSigned,0.90,gaia,29,7383,5,20474,27857,21832,23394
WikiSigned,0.90,gaia,28,7383,5,20425,27808,21832,41233
WikiSigned,0.90,gaia,22,7383,5,20572,27955,21832,60750
WikiSigned,0.90,gaia,21,7383,5,20405,27788,21832,69667
WikiSigned,0.90,gaia,24,7383,5,20474,27857,21832,62842
WikiSigned,0.90,gaia,26,7383,5,20346,27729,21832,63035
WikiSigned,0.90,gaia,31,7383,5,20685,28068,21832,36826
WikiSigned,0.90,gaia,30,7383,5,20361,27744,21832,46845
WikiSigned,0.90,gaia,33,7383,5,20562,27945,21832,54508
WikiSigned,0.90,gaia,32,7383,5,20441,27824,21832,57113
WikiSigned,0.90,gaia,40,7383,5,21018,28401,21832,25930
WikiSigned,0.90,gaia,36,7383,5,20401,27784,21832,44381
WikiSigned,0.90,gaia,38,7383,5,20758,28141,21832,39021
WikiSigned,0.90,gaia,35,7383,5,20151,27534,21832,53999
WikiSigned,0.90,gaia,39,7383,5,20681,28064,21832,42017
WikiSigned,0.90,gaia,37,7383,5,20150,27533,21832,52715
WikiSigned,0.90,gaia,34,7383,5,20293,27676,21832,84059
WikiSigned,0.90,gaia,44,7383,5,20728,28111,21832,25853
WikiSigned,0.90,gaia,45,7383,5,20564,27947,21832,30395
WikiSigned,0.90,gaia,42,7383,5,20331,27714,21832,44232
WikiSigned,0.90,gaia,41,7383,5,20665,28048,21832,58315
WikiSigned,0.90,gaia,46,7383,5,20466,27849,21832,42012
WikiSigned,0.90,gaia,43,7383,5,20377,27760,21832,55446
WikiSigned,0.90,gaia,47,7383,5,20270,27653,21832,40628
WikiSigned,0.90,venus,1,7383,5,19941,27324,21832,25908
WikiSigned,0.90,gaia,50,7383,5,20734,28117,21832,26823
WikiSigned,0.90,gaia,48,7383,5,20722,28105,21832,54417
WikiSigned,0.90,gaia,49,7383,5,20396,27779,21832,53053
WikiSigned,0.90,venus,4,7383,5,19551,26934,21832,36608
WikiSigned,0.90,venus,3,7383,5,19692,27075,21832,40466
WikiSigned,0.90,venus,2,7383,5,19799,27182,21832,44143
WikiSigned,0.90,venus,9,7383,5,19784,27167,21832,31468
WikiSigned,0.90,venus,5,7383,5,19821,27204,21832,35372
WikiSigned,0.90,venus,6,7383,5,19825,27208,21832,38077
WikiSigned,0.90,venus,7,7383,5,19585,26968,21832,41748
WikiSigned,0.90,venus,8,7383,5,20023,27406,21832,42893
WikiSigned,0.90,venus,11,7383,5,19541,26924,21832,35001
WikiSigned,0.90,venus,10,7383,5,19581,26964,21832,39142
WikiSigned,0.90,venus,13,7383,5,19480,26863,21832,29908
WikiSigned,0.90,venus,14,7383,5,19515,26898,21832,32588
WikiSigned,0.90,venus,15,7383,5,19577,26960,21832,31851
WikiSigned,0.90,venus,19,7383,5,19496,26879,21832,25904
WikiSigned,0.90,venus,16,7383,5,19973,27356,21832,38199
WikiSigned,0.90,venus,18,7383,5,19507,26890,21832,29097
WikiSigned,0.90,venus,17,7383,5,19749,27132,21832,35278
WikiSigned,0.90,venus,21,7383,5,19647,27030,21832,29194
WikiSigned,0.90,venus,20,7383,5,19578,26961,21832,32880
WikiSigned,0.90,venus,22,7383,5,19721,27104,21832,31779
WikiSigned,0.90,venus,12,7383,5,19620,27003,21832,71413
WikiSigned,0.90,venus,28,7383,5,19503,26886,21832,28426
WikiSigned,0.90,venus,25,7383,5,19726,27109,21832,32791
WikiSigned,0.90,venus,23,7383,5,19506,26889,21832,42308
WikiSigned,0.90,venus,29,7383,5,19744,27127,21832,18796
WikiSigned,0.90,venus,24,7383,5,19403,26786,21832,44542
WikiSigned,0.90,venus,31,7383,5,19623,27006,21832,22584
WikiSigned,0.90,venus,27,7383,5,19447,26830,21832,41371
WikiSigned,0.90,venus,26,7383,5,19527,26910,21832,42025
WikiSigned,0.90,venus,30,7383,5,19954,27337,21832,31100
WikiSigned,0.90,venus,32,7383,5,19495,26878,21832,23395
WikiSigned,0.90,venus,33,7383,5,19793,27176,21832,27438
WikiSigned,0.90,venus,35,7383,5,19725,27108,21832,31171
WikiSigned,0.90,venus,39,7383,5,19776,27159,21832,24715
WikiSigned,0.90,venus,34,7383,5,19931,27314,21832,38288
WikiSigned,0.90,venus,36,7383,5,19503,26886,21832,37919
WikiSigned,0.90,venus,37,7383,5,19610,26993,21832,34008
WikiSigned,0.90,venus,43,7383,5,19774,27157,21832,23789
WikiSigned,0.90,venus,41,7383,5,19825,27208,21832,37801
WikiSigned,0.90,venus,38,7383,5,19486,26869,21832,46041
WikiSigned,0.90,venus,42,7383,5,19620,27003,21832,39137
WikiSigned,0.90,venus,40,7383,5,19573,26956,21832,45290
WikiSigned,0.90,venus,44,7383,5,19646,27029,21832,29331
WikiSigned,0.90,venus,48,7383,5,19917,27300,21832,23056
WikiSigned,0.90,venus,45,7383,5,19461,26844,21832,28917
WikiSigned,0.90,venus,47,7383,5,19816,27199,21832,27944
WikiSigned,0.90,venus,49,7383,5,19727,27110,21832,18219
WikiSigned,0.90,venus,46,7383,5,19480,26863,21832,34818
WikiSigned,0.90,venus,50,7383,5,19847,27230,21832,23025
WikiSigned,0.80,gaia,9,17126,5,10872,27998,22323,7751
WikiSigned,0.80,gaia,3,17126,5,11002,28128,22323,8202
WikiSigned,0.80,gaia,5,17126,5,10940,28066,22323,9244
WikiSigned,0.80,gaia,10,17126,5,10500,27626,22323,9336
WikiSigned,0.80,gaia,6,17126,5,10652,27778,22323,11196
WikiSigned,0.80,gaia,2,17126,5,11064,28190,22323,13974
WikiSigned,0.80,gaia,7,17126,5,10942,28068,22323,14078
WikiSigned,0.80,gaia,4,17126,5,10789,27915,22323,15119
WikiSigned,0.80,gaia,14,17126,5,11057,28183,22323,11704
WikiSigned,0.80,gaia,12,17126,5,10278,27404,22323,13317
WikiSigned,0.80,gaia,11,17126,5,11046,28172,22323,15683
WikiSigned,0.80,gaia,1,17126,5,11328,28454,22323,23957
WikiSigned,0.80,gaia,16,17126,5,10795,27921,22323,12223
WikiSigned,0.80,gaia,13,17126,5,11019,28145,22323,17288
WikiSigned,0.80,gaia,18,17126,5,10350,27476,22323,12650
WikiSigned,0.80,gaia,17,17126,5,11047,28173,22323,15396
WikiSigned,0.80,gaia,8,17126,5,10304,27430,22323,30130
WikiSigned,0.80,gaia,20,17126,5,10240,27366,22323,10076
WikiSigned,0.80,gaia,15,17126,5,11233,28359,22323,20446
WikiSigned,0.80,gaia,19,17126,5,11134,28260,22323,10752
WikiSigned,0.80,gaia,26,17126,5,10590,27716,22323,8265
WikiSigned,0.80,gaia,22,17126,5,10505,27631,22323,14652
WikiSigned,0.80,gaia,23,17126,5,10507,27633,22323,14211
WikiSigned,0.80,gaia,21,17126,5,10559,27685,22323,18309
WikiSigned,0.80,gaia,24,17126,5,10410,27536,22323,15897
WikiSigned,0.80,gaia,27,17126,5,12407,29533,22323,16447
WikiSigned,0.80,gaia,32,17126,5,10515,27641,22323,8184
WikiSigned,0.80,gaia,30,17126,5,10389,27515,22323,15020
WikiSigned,0.80,gaia,28,17126,5,11007,28133,22323,17981
WikiSigned,0.80,gaia,25,17126,5,10620,27746,22323,24426
WikiSigned,0.80,gaia,29,17126,5,10620,27746,22323,20982
WikiSigned,0.80,gaia,34,17126,5,11199,28325,22323,11095
WikiSigned,0.80,gaia,31,17126,5,11584,28710,22323,16079
WikiSigned,0.80,gaia,33,17126,5,10518,27644,22323,14911
WikiSigned,0.80,gaia,38,17126,5,10917,28043,22323,11246
WikiSigned,0.80,gaia,40,17126,5,10809,27935,22323,6582
WikiSigned,0.80,gaia,37,17126,5,10505,27631,22323,13931
WikiSigned,0.80,gaia,35,17126,5,10828,27954,22323,19829
WikiSigned,0.80,gaia,36,17126,5,11018,28144,22323,15730
WikiSigned,0.80,gaia,41,17126,5,10656,27782,22323,10927
WikiSigned,0.80,gaia,43,17126,5,10781,27907,22323,12419
WikiSigned,0.80,gaia,42,17126,5,10705,27831,22323,14090
WikiSigned,0.80,gaia,39,17126,5,10504,27630,22323,17803
WikiSigned,0.80,gaia,44,17126,5,10712,27838,22323,14995
WikiSigned,0.80,gaia,45,17126,5,10731,27857,22323,14129
WikiSigned,0.80,venus,3,17126,5,10091,27217,22323,6163
WikiSigned,0.80,gaia,48,17126,5,10580,27706,22323,13417
WikiSigned,0.80,gaia,50,17126,5,10731,27857,22323,13384
WikiSigned,0.80,gaia,46,17126,5,10960,28086,22323,18616
WikiSigned,0.80,gaia,49,17126,5,10623,27749,22323,15111
WikiSigned,0.80,gaia,47,17126,5,10508,27634,22323,17049
WikiSigned,0.80,venus,4,17126,5,10064,27190,22323,9631
WikiSigned,0.80,venus,2,17126,5,10210,27336,22323,14099
WikiSigned,0.80,venus,1,17126,5,10449,27575,22323,14967
WikiSigned,0.80,venus,6,17126,5,10217,27343,22323,10068
WikiSigned,0.80,venus,7,17126,5,10133,27259,22323,9070
WikiSigned,0.80,venus,11,17126,5,10213,27339,22323,9433
WikiSigned,0.80,venus,5,17126,5,10257,27383,22323,15495
WikiSigned,0.80,venus,8,17126,5,10004,27130,22323,11637
WikiSigned,0.80,venus,14,17126,5,10461,27587,22323,9133
WikiSigned,0.80,venus,12,17126,5,10112,27238,22323,10485
WikiSigned,0.80,venus,10,17126,5,10004,27130,22323,13214
WikiSigned,0.80,venus,9,17126,5,10098,27224,22323,13954
WikiSigned,0.80,venus,15,17126,5,9996,27122,22323,10335
WikiSigned,0.80,venus,16,17126,5,10236,27362,22323,10788
WikiSigned,0.80,venus,19,17126,5,10404,27530,22323,9142
WikiSigned,0.80,venus,21,17126,5,10338,27464,22323,8483
WikiSigned,0.80,venus,13,17126,5,10235,27361,22323,19131
WikiSigned,0.80,venus,17,17126,5,10277,27403,22323,13163
WikiSigned,0.80,venus,18,17126,5,10223,27349,22323,13871
WikiSigned,0.80,venus,24,17126,5,10090,27216,22323,8184
WikiSigned,0.80,venus,22,17126,5,10423,27549,22323,13173
WikiSigned,0.80,venus,20,17126,5,10205,27331,22323,14745
WikiSigned,0.80,venus,25,17126,5,10150,27276,22323,10741
WikiSigned,0.80,venus,23,17126,5,10290,27416,22323,15165
WikiSigned,0.80,venus,27,17126,5,10297,27423,22323,7706
WikiSigned,0.80,venus,26,17126,5,10071,27197,22323,11675
WikiSigned,0.80,venus,28,17126,5,10137,27263,22323,9261
WikiSigned,0.80,venus,29,17126,5,10114,27240,22323,10150
WikiSigned,0.80,venus,31,17126,5,9957,27083,22323,9984
WikiSigned,0.80,venus,30,17126,5,10296,27422,22323,12911
WikiSigned,0.80,venus,35,17126,5,10329,27455,22323,10289
WikiSigned,0.80,venus,33,17126,5,10240,27366,22323,12764
WikiSigned,0.80,venus,32,17126,5,10259,27385,22323,14421
WikiSigned,0.80,venus,34,17126,5,10175,27301,22323,12182
WikiSigned,0.80,venus,38,17126,5,10288,27414,22323,10988
WikiSigned,0.80,venus,37,17126,5,10201,27327,22323,11367
WikiSigned,0.80,venus,39,17126,5,10121,27247,22323,11010
WikiSigned,0.80,venus,41,17126,5,10214,27340,22323,8066
WikiSigned,0.80,venus,36,17126,5,10178,27304,22323,17111
WikiSigned,0.80,venus,45,17126,5,10198,27324,22323,9427
WikiSigned,0.80,venus,42,17126,5,10206,27332,22323,11355
WikiSigned,0.80,venus,40,17126,5,10126,27252,22323,16134
WikiSigned,0.80,venus,43,17126,5,10215,27341,22323,10555
WikiSigned,0.80,venus,48,17126,5,10355,27481,22323,6912
WikiSigned,0.80,venus,44,17126,5,10114,27240,22323,11783
WikiSigned,0.80,venus,46,17126,5,10258,27384,22323,12064
WikiSigned,0.80,venus,47,17126,5,10247,27373,22323,12182
WikiSigned,0.80,venus,50,17126,5,10182,27308,22323,11251
WikiSigned,0.80,venus,49,17126,5,10167,27293,22323,13061
WikiSigned,0.70,gaia,7,23633,6,4616,28249,22469,1782
WikiSigned,0.70,gaia,6,23633,6,4618,28251,22469,1961
WikiSigned,0.70,gaia,5,23633,6,4508,28141,22469,1995
WikiSigned,0.70,gaia,2,23633,6,4507,28140,22469,3492
WikiSigned,0.70,gaia,12,23633,6,4549,28182,22469,1790
WikiSigned,0.70,gaia,3,23633,6,4520,28153,22469,4361
WikiSigned,0.70,gaia,9,23633,6,4648,28281,22469,5166
WikiSigned,0.70,gaia,8,23633,6,4601,28234,22469,5380
WikiSigned,0.70,gaia,10,23633,6,4590,28223,22469,5899
WikiSigned,0.70,gaia,4,23633,6,4475,28108,22469,6108
WikiSigned,0.70,gaia,17,23633,6,4558,28191,22469,1888
WikiSigned,0.70,gaia,14,23633,6,4591,28224,22469,3778
WikiSigned,0.70,gaia,13,23633,6,4443,28076,22469,6015
WikiSigned,0.70,gaia,11,23633,6,4754,28387,22469,6886
WikiSigned,0.70,gaia,18,23633,6,4698,28331,22469,3519
WikiSigned,0.70,gaia,19,23633,6,4449,28082,22469,3419
WikiSigned,0.70,gaia,1,23633,6,4675,28308,22469,9559
WikiSigned,0.70,gaia,15,23633,6,4413,28046,22469,6031
WikiSigned,0.70,gaia,20,23633,6,4592,28225,22469,3780
WikiSigned,0.70,gaia,23,23633,6,4514,28147,22469,1971
WikiSigned,0.70,gaia,21,23633,6,4835,28468,22469,4468
WikiSigned,0.70,gaia,24,23633,6,4490,28123,22469,2932
WikiSigned,0.70,gaia,16,23633,6,4630,28263,22469,7990
WikiSigned,0.70,gaia,26,23633,6,4677,28310,22469,3901
WikiSigned,0.70,gaia,30,23633,6,4600,28233,22469,3238
WikiSigned,0.70,gaia,22,23633,6,4591,28224,22469,7254
WikiSigned,0.70,gaia,25,23633,6,4487,28120,22469,5637
WikiSigned,0.70,gaia,28,23633,6,4672,28305,22469,4849
WikiSigned,0.70,gaia,29,23633,6,4643,28276,22469,5118
WikiSigned,0.70,gaia,27,23633,6,4617,28250,22469,5706
WikiSigned,0.70,gaia,31,23633,6,4573,28206,22469,3911
WikiSigned,0.70,gaia,32,23633,6,4817,28450,22469,4587
WikiSigned,0.70,gaia,34,23633,6,4455,28088,22469,3361
WikiSigned,0.70,gaia,38,23633,6,4953,28586,22469,2460
WikiSigned,0.70,gaia,35,23633,6,4479,28112,22469,4599
WikiSigned,0.70,gaia,39,23633,6,4415,28048,22469,3226
WikiSigned,0.70,gaia,33,23633,6,4520,28153,22469,5978
WikiSigned,0.70,gaia,41,23633,6,4518,28151,22469,3813
WikiSigned,0.70,gaia,40,23633,6,4657,28290,22469,4527
WikiSigned,0.70,gaia,37,23633,6,4724,28357,22469,5341
WikiSigned,0.70,gaia,44,23633,6,4701,28334,22469,3454
WikiSigned,0.70,gaia,36,23633,6,4738,28371,22469,6178
WikiSigned,0.70,gaia,46,23633,6,4673,28306,22469,2787
WikiSigned,0.70,gaia,42,23633,6,4532,28165,22469,5446
WikiSigned,0.70,gaia,48,23633,6,4639,28272,22469,3827
WikiSigned,0.70,gaia,49,23633,6,4567,28200,22469,3654
WikiSigned,0.70,gaia,43,23633,6,4661,28294,22469,7084
WikiSigned,0.70,venus,1,23633,6,4425,28058,22469,3142
WikiSigned,0.70,venus,2,23633,6,4482,28115,22469,3485
WikiSigned,0.70,venus,3,23633,6,4521,28154,22469,3209
WikiSigned,0.70,gaia,47,23633,6,4438,28071,22469,7021
WikiSigned,0.70,gaia,45,23633,6,4848,28481,22469,8103
WikiSigned,0.70,venus,5,23633,6,4552,28185,22469,3219
WikiSigned,0.70,venus,4,23633,6,4340,27973,22469,5214
WikiSigned,0.70,gaia,50,23633,6,4632,28265,22469,7047
WikiSigned,0.70,venus,8,23633,6,4435,28068,22469,4101
WikiSigned,0.70,venus,7,23633,6,4395,28028,22469,4569
WikiSigned,0.70,venus,9,23633,6,4346,27979,22469,4291
WikiSigned,0.70,venus,6,23633,6,4480,28113,22469,5333
WikiSigned,0.70,venus,10,23633,6,4395,28028,22469,5008
WikiSigned,0.70,venus,11,23633,6,4284,27917,22469,4102
WikiSigned,0.70,venus,12,23633,6,4314,27947,22469,4970
WikiSigned,0.70,venus,19,23633,6,4306,27939,22469,2871
WikiSigned,0.70,venus,16,23633,6,4604,28237,22469,4177
WikiSigned,0.70,venus,14,23633,6,4378,28011,22469,5184
WikiSigned,0.70,venus,18,23633,6,4277,27910,22469,3585
WikiSigned,0.70,venus,15,23633,6,4390,28023,22469,5663
WikiSigned,0.70,venus,20,23633,6,4257,27890,22469,3525
WikiSigned,0.70,venus,13,23633,6,4343,27976,22469,6512
WikiSigned,0.70,venus,17,23633,6,4320,27953,22469,4801
WikiSigned,0.70,venus,21,23633,6,4292,27925,22469,4152
WikiSigned,0.70,venus,22,23633,6,4377,28010,22469,4374
WikiSigned,0.70,venus,27,23633,6,4549,28182,22469,2929
WikiSigned,0.70,venus,24,23633,6,4465,28098,22469,3983
WikiSigned,0.70,venus,26,23633,6,4245,27878,22469,4571
WikiSigned,0.70,venus,25,23633,6,4398,28031,22469,5081
WikiSigned,0.70,venus,31,23633,6,4379,28012,22469,4135
WikiSigned,0.70,venus,29,23633,6,4323,27956,22469,4983
WikiSigned,0.70,venus,28,23633,6,4335,27968,22469,5126
WikiSigned,0.70,venus,23,23633,6,4372,28005,22469,7076
WikiSigned,0.70,venus,30,23633,6,4262,27895,22469,6341
WikiSigned,0.70,venus,34,23633,6,4341,27974,22469,3760
WikiSigned,0.70,venus,38,23633,6,4297,27930,22469,2664
WikiSigned,0.70,venus,33,23633,6,4312,27945,22469,5415
WikiSigned,0.70,venus,32,23633,6,4323,27956,22469,6124
WikiSigned,0.70,venus,39,23633,6,4333,27966,22469,3670
WikiSigned,0.70,venus,35,23633,6,4396,28029,22469,5304
WikiSigned,0.70,venus,41,23633,6,4422,28055,22469,3242
WikiSigned,0.70,venus,36,23633,6,4362,27995,22469,5856
WikiSigned,0.70,venus,43,23633,6,4235,27868,22469,2734
WikiSigned,0.70,venus,40,23633,6,4517,28150,22469,4780
WikiSigned,0.70,venus,42,23633,6,4456,28089,22469,3875
WikiSigned,0.70,venus,37,23633,6,4342,27975,22469,6109
WikiSigned,0.70,venus,44,23633,6,4504,28137,22469,3263
WikiSigned,0.70,venus,47,23633,6,4237,27870,22469,3163
WikiSigned,0.70,venus,50,23633,6,4377,28010,22469,2271
WikiSigned,0.70,venus,45,23633,6,4236,27869,22469,4088
WikiSigned,0.70,venus,49,23633,6,4408,28041,22469,2603
WikiSigned,0.70,venus,46,23633,6,4583,28216,22469,4625
WikiSigned,0.70,venus,48,23633,6,4458,28091,22469,3852
WikiSigned,0.60,gaia,5,30191,1,24,30215,22459,18
WikiSigned,0.60,gaia,6,30191,1,22,30213,22459,19
WikiSigned,0.60,gaia,10,30191,1,30,30221,22459,19
WikiSigned,0.60,gaia,7,30191,1,31,30222,22459,20
WikiSigned,0.60,gaia,4,30191,1,34,30225,22459,21
WikiSigned,0.60,gaia,3,30191,1,23,30214,22459,21
WikiSigned,0.60,gaia,8,30191,1,44,30235,22459,25
WikiSigned,0.60,gaia,2,30191,1,41,30232,22459,26
WikiSigned,0.60,gaia,1,30191,1,29,30220,22459,27
WikiSigned,0.60,gaia,9,30191,1,20,30211,22459,31
WikiSigned,0.60,gaia,15,30191,1,19,30210,22459,16
WikiSigned,0.60,gaia,16,30191,1,19,30210,22459,19
WikiSigned,0.60,gaia,12,30191,1,28,30219,22459,25
WikiSigned,0.60,gaia,13,30191,1,23,30214,22459,26
WikiSigned,0.60,gaia,11,30191,1,35,30226,22459,28
WikiSigned,0.60,gaia,14,30191,1,28,30219,22459,29
WikiSigned,0.60,gaia,17,30191,1,26,30217,22459,29
WikiSigned,0.60,gaia,18,30191,1,34,30225,22459,34
WikiSigned,0.60,gaia,21,30191,1,26,30217,22459,23
WikiSigned,0.60,gaia,19,30191,1,21,30212,22459,37
WikiSigned,0.60,gaia,27,30191,1,36,30227,22459,15
WikiSigned,0.60,gaia,24,30191,1,23,30214,22459,24
WikiSigned,0.60,gaia,22,30191,1,34,30225,22459,32
WikiSigned,0.60,gaia,25,30191,1,20,30211,22459,30
WikiSigned,0.60,gaia,23,30191,1,28,30219,22459,33
WikiSigned,0.60,gaia,26,30191,1,30,30221,22459,28
WikiSigned,0.60,gaia,20,30191,1,32,30223,22459,53
WikiSigned,0.60,gaia,28,30191,1,39,30230,22459,28
WikiSigned,0.60,gaia,29,30191,1,38,30229,22459,32
WikiSigned,0.60,gaia,31,30191,1,24,30215,22459,24
WikiSigned,0.60,gaia,34,30191,1,37,30228,22459,20
WikiSigned,0.60,gaia,36,30191,1,33,30224,22459,20
WikiSigned,0.60,gaia,32,30191,1,45,30236,22459,32
WikiSigned,0.60,gaia,30,30191,1,33,30224,22459,43
WikiSigned,0.60,gaia,35,30191,1,40,30231,22459,28
WikiSigned,0.60,gaia,37,30191,1,30,30221,22459,28
WikiSigned,0.60,gaia,33,30191,1,29,30220,22459,40
WikiSigned,0.60,gaia,38,30191,1,25,30216,22459,24
WikiSigned,0.60,gaia,41,30191,1,36,30227,22459,19
WikiSigned,0.60,gaia,39,30191,1,30,30221,22459,24
WikiSigned,0.60,gaia,42,30191,1,32,30223,22459,23
WikiSigned,0.60,gaia,46,30191,1,20,30211,22459,14
WikiSigned,0.60,gaia,44,30191,1,26,30217,22459,24
WikiSigned,0.60,gaia,43,30191,1,20,30211,22459,28
WikiSigned,0.60,gaia,48,30191,1,22,30213,22459,18
WikiSigned,0.60,gaia,40,30191,1,32,30223,22459,41
WikiSigned,0.60,gaia,45,30191,1,22,30213,22459,31
WikiSigned,0.60,gaia,47,30191,1,30,30221,22459,32
WikiSigned,0.60,gaia,49,30191,1,38,30229,22459,29
WikiSigned,0.60,gaia,50,30191,1,44,30235,22459,44
WikiSigned,0.60,venus,5,30191,1,46,30237,22459,50
WikiSigned,0.60,venus,3,30191,1,32,30223,22459,56
WikiSigned,0.60,venus,4,30191,1,40,30231,22459,65
WikiSigned,0.60,venus,1,30191,1,37,30228,22459,72
WikiSigned,0.60,venus,2,30191,1,36,30227,22459,73
WikiSigned,0.60,venus,8,30191,1,27,30218,22459,58
WikiSigned,0.60,venus,6,30191,1,29,30220,22459,71
WikiSigned,0.60,venus,7,30191,1,39,30230,22459,89
WikiSigned,0.60,venus,9,30191,1,18,30209,22459,89
WikiSigned,0.60,venus,10,30191,1,24,30215,22459,76
WikiSigned,0.60,venus,12,30191,1,24,30215,22459,48
WikiSigned,0.60,venus,13,30191,1,27,30218,22459,50
WikiSigned,0.60,venus,16,30191,1,39,30230,22459,58
WikiSigned,0.60,venus,17,30191,1,37,30228,22459,55
WikiSigned,0.60,venus,15,30191,1,31,30222,22459,64
WikiSigned,0.60,venus,14,30191,1,30,30221,22459,66
WikiSigned,0.60,venus,11,30191,1,30,30221,22459,85
WikiSigned,0.60,venus,18,30191,1,30,30221,22459,49
WikiSigned,0.60,venus,19,30191,1,32,30223,22459,56
WikiSigned,0.60,venus,22,30191,1,39,30230,22459,47
WikiSigned,0.60,venus,20,30191,1,22,30213,22459,73
WikiSigned,0.60,venus,21,30191,1,21,30212,22459,65
WikiSigned,0.60,venus,24,30191,1,34,30225,22459,61
WikiSigned,0.60,venus,23,30191,1,39,30230,22459,64
WikiSigned,0.60,venus,25,30191,1,30,30221,22459,69
WikiSigned,0.60,venus,28,30191,1,39,30230,22459,61
WikiSigned,0.60,venus,26,30191,1,20,30211,22459,75
WikiSigned,0.60,venus,27,30191,1,33,30224,22459,72
WikiSigned,0.60,venus,30,30191,1,36,30227,22459,55
WikiSigned,0.60,venus,29,30191,1,29,30220,22459,66
WikiSigned,0.60,venus,31,30191,1,23,30214,22459,55
WikiSigned,0.60,venus,32,30191,1,26,30217,22459,62
WikiSigned,0.60,venus,33,30191,1,20,30211,22459,59
WikiSigned,0.60,venus,36,30191,1,35,30226,22459,52
WikiSigned,0.60,venus,38,30191,1,30,30221,22459,51
WikiSigned,0.60,venus,37,30191,1,23,30214,22459,53
WikiSigned,0.60,venus,35,30191,1,26,30217,22459,65
WikiSigned,0.60,venus,34,30191,1,26,30217,22459,79
WikiSigned,0.60,venus,42,30191,1,39,30230,22459,43
WikiSigned,0.60,venus,39,30191,1,31,30222,22459,69
WikiSigned,0.60,venus,40,30191,1,34,30225,22459,63
WikiSigned,0.60,venus,41,30191,1,24,30215,22459,55
WikiSigned,0.60,venus,44,30191,1,34,30225,22459,46
WikiSigned,0.60,venus,46,30191,1,39,30230,22459,51
WikiSigned,0.60,venus,43,30191,1,28,30219,22459,63
WikiSigned,0.60,venus,45,30191,1,31,30222,22459,58
WikiSigned,0.60,venus,47,30191,1,40,30231,22459,55
WikiSigned,0.60,venus,49,30191,1,33,30224,22459,37
WikiSigned,0.60,venus,48,30191,1,27,30218,22459,56
WikiSigned,0.60,venus,50,30191,1,30,30221,22459,63
WikiSigned,0.50,gaia,2,30286,0,0,30286,22347,0
WikiSigned,0.50,gaia,3,30286,0,0,30286,22347,0
WikiSigned,0.50,gaia,6,30286,0,0,30286,22347,0
WikiSigned,0.50,gaia,7,30286,0,0,30286,22347,0
WikiSigned,0.50,gaia,8,30286,0,0,30286,22347,0
WikiSigned,0.50,gaia,4,30286,0,0,30286,22347,0
WikiSigned,0.50,gaia,1,30286,0,0,30286,22347,0
WikiSigned,0.50,gaia,5,30286,0,0,30286,22347,0
WikiSigned,0.50,gaia,9,30286,0,0,30286,22347,0
WikiSigned,0.50,gaia,12,30286,0,0,30286,22347,0
WikiSigned,0.50,gaia,10,30286,0,0,30286,22347,0
WikiSigned,0.50,gaia,13,30286,0,0,30286,22347,0
WikiSigned,0.50,gaia,11,30286,0,0,30286,22347,0
WikiSigned,0.50,gaia,15,30286,0,0,30286,22347,0
WikiSigned,0.50,gaia,14,30286,0,0,30286,22347,0
WikiSigned,0.50,gaia,17,30286,0,0,30286,22347,0
WikiSigned,0.50,gaia,16,30286,0,0,30286,22347,0
WikiSigned,0.50,gaia,18,30286,0,0,30286,22347,0
WikiSigned,0.50,gaia,19,30286,0,0,30286,22347,0
WikiSigned,0.50,gaia,20,30286,0,0,30286,22347,0
WikiSigned,0.50,gaia,21,30286,0,0,30286,22347,0
WikiSigned,0.50,gaia,22,30286,0,0,30286,22347,0
WikiSigned,0.50,gaia,24,30286,0,0,30286,22347,0
WikiSigned,0.50,gaia,25,30286,0,0,30286,22347,0
WikiSigned,0.50,gaia,26,30286,0,0,30286,22347,0
WikiSigned,0.50,gaia,23,30286,0,0,30286,22347,0
WikiSigned,0.50,gaia,28,30286,0,0,30286,22347,0
WikiSigned,0.50,gaia,27,30286,0,0,30286,22347,0
WikiSigned,0.50,gaia,29,30286,0,0,30286,22347,0
WikiSigned,0.50,gaia,30,30286,0,0,30286,22347,0
WikiSigned,0.50,gaia,31,30286,0,0,30286,22347,0
WikiSigned,0.50,gaia,33,30286,0,0,30286,22347,0
WikiSigned,0.50,gaia,32,30286,0,0,30286,22347,0
WikiSigned,0.50,gaia,35,30286,0,0,30286,22347,0
WikiSigned,0.50,gaia,34,30286,0,0,30286,22347,0
WikiSigned,0.50,gaia,36,30286,0,0,30286,22347,0
WikiSigned,0.50,gaia,37,30286,0,0,30286,22347,0
WikiSigned,0.50,gaia,38,30286,0,0,30286,22347,0
WikiSigned,0.50,gaia,39,30286,0,0,30286,22347,0
WikiSigned,0.50,gaia,42,30286,0,0,30286,22347,0
WikiSigned,0.50,gaia,40,30286,0,0,30286,22347,0
WikiSigned,0.50,gaia,41,30286,0,0,30286,22347,0
WikiSigned,0.50,gaia,44,30286,0,0,30286,22347,0
WikiSigned,0.50,gaia,43,30286,0,0,30286,22347,0
WikiSigned,0.50,gaia,46,30286,0,0,30286,22347,0
WikiSigned,0.50,gaia,47,30286,0,0,30286,22347,0
WikiSigned,0.50,gaia,49,30286,0,0,30286,22347,0
WikiSigned,0.50,gaia,45,30286,0,0,30286,22347,0
WikiSigned,0.50,gaia,50,30286,0,0,30286,22347,0
WikiSigned,0.50,gaia,48,30286,0,0,30286,22347,0
WikiSigned,0.50,venus,1,30286,0,0,30286,22347,0
WikiSigned,0.50,venus,2,30286,0,0,30286,22347,0
WikiSigned,0.50,venus,3,30286,0,0,30286,22347,0
WikiSigned,0.50,venus,4,30286,0,0,30286,22347,0
WikiSigned,0.50,venus,5,30286,0,0,30286,22347,0
WikiSigned,0.50,venus,6,30286,0,0,30286,22347,0
WikiSigned,0.50,venus,7,30286,0,0,30286,22347,0
WikiSigned,0.50,venus,10,30286,0,0,30286,22347,0
WikiSigned,0.50,venus,9,30286,0,0,30286,22347,0
WikiSigned,0.50,venus,8,30286,0,0,30286,22347,0
WikiSigned,0.50,venus,11,30286,0,0,30286,22347,0
WikiSigned,0.50,venus,12,30286,0,0,30286,22347,0
WikiSigned,0.50,venus,14,30286,0,0,30286,22347,0
WikiSigned,0.50,venus,13,30286,0,0,30286,22347,0
WikiSigned,0.50,venus,16,30286,0,0,30286,22347,0
WikiSigned,0.50,venus,18,30286,0,0,30286,22347,0
WikiSigned,0.50,venus,15,30286,0,0,30286,22347,0
WikiSigned,0.50,venus,17,30286,0,0,30286,22347,0
WikiSigned,0.50,venus,19,30286,0,0,30286,22347,0
WikiSigned,0.50,venus,21,30286,0,0,30286,22347,0
WikiSigned,0.50,venus,20,30286,0,0,30286,22347,0
WikiSigned,0.50,venus,22,30286,0,0,30286,22347,0
WikiSigned,0.50,venus,23,30286,0,0,30286,22347,0
WikiSigned,0.50,venus,25,30286,0,0,30286,22347,0
WikiSigned,0.50,venus,24,30286,0,0,30286,22347,0
WikiSigned,0.50,venus,27,30286,0,0,30286,22347,0
WikiSigned,0.50,venus,26,30286,0,0,30286,22347,0
WikiSigned,0.50,venus,28,30286,0,0,30286,22347,0
WikiSigned,0.50,venus,29,30286,0,0,30286,22347,0
WikiSigned,0.50,venus,31,30286,0,0,30286,22347,0
WikiSigned,0.50,venus,30,30286,0,0,30286,22347,0
WikiSigned,0.50,venus,32,30286,0,0,30286,22347,0
WikiSigned,0.50,venus,33,30286,0,0,30286,22347,0
WikiSigned,0.50,venus,34,30286,0,0,30286,22347,0
WikiSigned,0.50,venus,35,30286,0,0,30286,22347,0
WikiSigned,0.50,venus,36,30286,0,0,30286,22347,0
WikiSigned,0.50,venus,38,30286,0,0,30286,22347,0
WikiSigned,0.50,venus,39,30286,0,0,30286,22347,0
WikiSigned,0.50,venus,37,30286,0,0,30286,22347,0
WikiSigned,0.50,venus,40,30286,0,0,30286,22347,0
WikiSigned,0.50,venus,41,30286,0,0,30286,22347,0
WikiSigned,0.50,venus,42,30286,0,0,30286,22347,0
WikiSigned,0.50,venus,44,30286,0,0,30286,22347,0
WikiSigned,0.50,venus,43,30286,0,0,30286,22347,0
WikiSigned,0.50,venus,45,30286,0,0,30286,22347,0
WikiSigned,0.50,venus,48,30286,0,0,30286,22347,0
WikiSigned,0.50,venus,47,30286,0,0,30286,22347,0
WikiSigned,0.50,venus,46,30286,0,0,30286,22347,0
WikiSigned,0.50,venus,49,30286,0,0,30286,22347,0
WikiSigned,0.50,venus,50,30286,0,0,30286,22347,0
WikiConflict,1.00,gaia,7,0,1,66202,66202,36018,175566
WikiConflict,1.00,gaia,1,0,1,66070,66070,36018,180827
WikiConflict,1.00,gaia,6,0,1,66305,66305,36018,180917
WikiConflict,1.00,gaia,5,0,1,66167,66167,36018,180989
WikiConflict,1.00,gaia,4,0,1,66080,66080,36018,181196
WikiConflict,1.00,gaia,3,0,1,66242,66242,36018,181238
WikiConflict,1.00,gaia,2,0,1,66093,66093,36018,181338
WikiConflict,1.00,gaia,8,0,1,66227,66227,36018,181376
WikiConflict,1.00,gaia,10,0,1,66427,66427,36018,181391
WikiConflict,1.00,gaia,9,0,1,66130,66130,36018,181567
WikiConflict,1.00,gaia,11,0,1,66250,66250,36018,99987
WikiConflict,1.00,gaia,13,0,1,66154,66154,36018,163784
WikiConflict,1.00,gaia,12,0,1,66060,66060,36018,179944
WikiConflict,1.00,gaia,14,0,1,66066,66066,36018,180988
WikiConflict,1.00,gaia,15,0,1,66212,66212,36018,181051
WikiConflict,1.00,gaia,16,0,1,66319,66319,36018,181054
WikiConflict,1.00,gaia,17,0,1,66352,66352,36018,180988
WikiConflict,1.00,gaia,18,0,1,66136,66136,36018,180956
WikiConflict,1.00,gaia,19,0,1,66294,66294,36018,180979
WikiConflict,1.00,gaia,20,0,1,65737,65737,36018,180966
WikiConflict,1.00,gaia,21,0,1,66263,66263,36018,180873
WikiConflict,1.00,gaia,22,0,1,66352,66352,36018,180844
WikiConflict,1.00,gaia,23,0,1,66191,66191,36018,180616
WikiConflict,1.00,gaia,24,0,1,66139,66139,36018,180760
WikiConflict,1.00,gaia,26,0,1,66308,66308,36018,180595
WikiConflict,1.00,gaia,28,0,1,66123,66123,36018,180608
WikiConflict,1.00,gaia,27,0,1,66386,66386,36018,180627
WikiConflict,1.00,gaia,30,0,1,66344,66344,36018,180851
WikiConflict,1.00,gaia,25,0,1,66041,66041,36018,181233
WikiConflict,1.00,gaia,29,0,1,66150,66150,36018,181144
WikiConflict,1.00,gaia,31,0,1,66282,66282,36018,181020
WikiConflict,1.00,gaia,36,0,1,66311,66311,36018,145020
WikiConflict,1.00,gaia,32,0,1,66055,66055,36018,180581
WikiConflict,1.00,gaia,33,0,1,66384,66384,36018,180934
WikiConflict,1.00,gaia,34,0,1,66347,66347,36018,180940
WikiConflict,1.00,gaia,35,0,1,66201,66201,36018,180896
WikiConflict,1.00,gaia,37,0,1,66054,66054,36018,181049
WikiConflict,1.00,gaia,38,0,1,66096,66096,36018,180781
WikiConflict,1.00,gaia,40,0,1,65977,65977,36018,180823
WikiConflict,1.00,gaia,39,0,1,65999,65999,36018,180908
WikiConflict,1.00,gaia,41,0,1,66229,66229,36018,180861
WikiConflict,1.00,gaia,47,0,1,66191,66191,36018,140799
WikiConflict,1.00,gaia,42,0,1,66087,66087,36018,180886
WikiConflict,1.00,gaia,43,0,1,66183,66183,36018,180867
WikiConflict,1.00,gaia,44,0,1,66466,66466,36018,180930
WikiConflict,1.00,gaia,45,0,1,66079,66079,36018,180696
WikiConflict,1.00,gaia,46,0,1,66157,66157,36018,180993
WikiConflict,1.00,gaia,48,0,1,66288,66288,36018,180652
WikiConflict,1.00,gaia,49,0,1,66398,66398,36018,180746
WikiConflict,1.00,gaia,50,0,1,66363,66363,36018,180797
WikiConflict,1.00,venus,1,0,1,65874,65874,36018,146626
WikiConflict,1.00,venus,4,0,1,65943,65943,36018,155651
WikiConflict,1.00,venus,2,0,1,65755,65755,36018,181037
WikiConflict,1.00,venus,7,0,1,65761,65761,36018,141735
WikiConflict,1.00,venus,3,0,1,65876,65876,36018,181056
WikiConflict,1.00,venus,5,0,1,65849,65849,36018,181005
WikiConflict,1.00,venus,6,0,1,65812,65812,36018,180617
WikiConflict,1.00,venus,8,0,1,66023,66023,36018,181059
WikiConflict,1.00,venus,9,0,1,65959,65959,36018,180836
WikiConflict,1.00,venus,10,0,1,66003,66003,36018,180938
WikiConflict,1.00,venus,11,0,1,66005,66005,36018,181288
WikiConflict,1.00,venus,12,0,1,65872,65872,36018,180868
WikiConflict,1.00,venus,13,0,1,65753,65753,36018,181063
WikiConflict,1.00,venus,14,0,1,66024,66024,36018,180884
WikiConflict,1.00,venus,15,0,1,65805,65805,36018,180747
WikiConflict,1.00,venus,16,0,1,65777,65777,36018,180915
WikiConflict,1.00,venus,17,0,1,65906,65906,36018,181189
WikiConflict,1.00,venus,18,0,1,65815,65815,36018,180979
WikiConflict,1.00,venus,19,0,1,65922,65922,36018,180950
WikiConflict,1.00,venus,20,0,1,65977,65977,36018,180932
WikiConflict,1.00,venus,21,0,1,65954,65954,36018,181201
WikiConflict,1.00,venus,22,0,1,65925,65925,36018,181075
WikiConflict,1.00,venus,23,0,1,65761,65761,36018,180858
WikiConflict,1.00,venus,24,0,1,65890,65890,36018,180995
WikiConflict,1.00,venus,25,0,1,65913,65913,36018,180964
WikiConflict,1.00,venus,27,0,1,66001,66001,36018,177653
WikiConflict,1.00,venus,26,0,1,65974,65974,36018,181035
WikiConflict,1.00,venus,30,0,1,66156,66156,36018,180720
WikiConflict,1.00,venus,29,0,1,65800,65800,36018,181176
WikiConflict,1.00,venus,28,0,1,66033,66033,36018,181197
WikiConflict,1.00,venus,31,0,1,65962,65962,36018,181010
WikiConflict,1.00,venus,32,0,1,65935,65935,36018,181123
WikiConflict,1.00,venus,33,0,1,65923,65923,36018,180910
WikiConflict,1.00,venus,34,0,1,65749,65749,36018,180843
WikiConflict,1.00,venus,35,0,1,65925,65925,36018,180871
WikiConflict,1.00,venus,36,0,1,65909,65909,36018,180809
WikiConflict,1.00,venus,37,0,1,65788,65788,36018,180601
WikiConflict,1.00,venus,38,0,1,65929,65929,36018,180778
WikiConflict,1.00,venus,39,0,1,65733,65733,36018,181086
WikiConflict,1.00,venus,40,0,1,65884,65884,36018,181123
WikiConflict,1.00,venus,41,0,1,65831,65831,36018,139652
WikiConflict,1.00,venus,43,0,1,65799,65799,36018,152755
WikiConflict,1.00,venus,42,0,1,65958,65958,36018,181001
WikiConflict,1.00,venus,50,0,1,65807,65807,36018,137722
WikiConflict,1.00,venus,44,0,1,66116,66116,36018,180711
WikiConflict,1.00,venus,45,0,1,65913,65913,36018,180616
WikiConflict,1.00,venus,46,0,1,65989,65989,36018,179333
WikiConflict,1.00,venus,47,0,1,65828,65828,36018,180889
WikiConflict,1.00,venus,48,0,1,65901,65901,36018,180690
WikiConflict,1.00,venus,49,0,1,65888,65888,36018,180624
WikiConflict,0.90,gaia,7,12379,1,28872,41251,48311,26528
WikiConflict,0.90,gaia,9,12379,1,29339,41718,48311,34045
WikiConflict,0.90,gaia,3,12379,1,29054,41433,48311,35023
WikiConflict,0.90,gaia,10,12379,1,29315,41694,48311,35394
WikiConflict,0.90,gaia,4,12379,1,28817,41196,48311,53838
WikiConflict,0.90,gaia,2,12379,1,28783,41162,48311,58604
WikiConflict,0.90,gaia,8,12379,1,28862,41241,48311,63131
WikiConflict,0.90,gaia,5,12379,1,28753,41132,48311,66028
WikiConflict,0.90,gaia,14,12379,1,28950,41329,48311,39707
WikiConflict,0.90,gaia,12,12379,1,29063,41442,48311,48624
WikiConflict,0.90,gaia,11,12379,1,28663,41042,48311,63687
WikiConflict,0.90,gaia,1,12379,1,28823,41202,48311,99058
WikiConflict,0.90,gaia,18,12379,1,28519,40898,48311,43963
WikiConflict,0.90,gaia,16,12379,1,28709,41088,48311,53727
WikiConflict,0.90,gaia,6,12379,1,28693,41072,48311,114509
WikiConflict,0.90,gaia,19,12379,1,28875,41254,48311,44148
WikiConflict,0.90,gaia,13,12379,1,28463,40842,48311,89638
WikiConflict,0.90,gaia,20,12379,1,28999,41378,48311,42239
WikiConflict,0.90,gaia,15,12379,1,28712,41091,48311,74666
WikiConflict,0.90,gaia,17,12379,1,28764,41143,48311,73825
WikiConflict,0.90,gaia,21,12379,1,28804,41183,48311,64113
WikiConflict,0.90,gaia,23,12379,1,28697,41076,48311,44382
WikiConflict,0.90,gaia,24,12379,1,28614,40993,48311,60528
WikiConflict,0.90,gaia,26,12379,1,28407,40786,48311,56785
WikiConflict,0.90,gaia,27,12379,1,28619,40998,48311,52777
WikiConflict,0.90,gaia,25,12379,1,28647,41026,48311,72608
WikiConflict,0.90,gaia,22,12379,1,28921,41300,48311,96184
WikiConflict,0.90,gaia,28,12379,1,28732,41111,48311,70432
WikiConflict,0.90,gaia,30,12379,1,28712,41091,48311,59961
WikiConflict,0.90,gaia,29,12379,1,28819,41198,48311,72435
WikiConflict,0.90,gaia,32,12379,1,28823,41202,48311,50043
WikiConflict,0.90,gaia,31,12379,1,29123,41502,48311,53527
WikiConflict,0.90,gaia,33,12379,1,28858,41237,48311,46950
WikiConflict,0.90,gaia,37,12379,1,28662,41041,48311,33653
WikiConflict,0.90,gaia,40,12379,1,28865,41244,48311,46787
WikiConflict,0.90,gaia,35,12379,1,28747,41126,48311,72306
WikiConflict,0.90,gaia,41,12379,1,28714,41093,48311,52616
WikiConflict,0.90,gaia,38,12379,1,29117,41496,48311,62060
WikiConflict,0.90,gaia,36,12379,1,29194,41573,48311,71385
WikiConflict,0.90,gaia,44,12379,1,28996,41375,48311,37657
WikiConflict,0.90,gaia,42,12379,1,29543,41922,48311,62166
WikiConflict,0.90,gaia,39,12379,1,28556,40935,48311,80370
WikiConflict,0.90,gaia,45,12379,1,28991,41370,48311,40756
WikiConflict,0.90,gaia,34,12379,1,28665,41044,48311,112449
WikiConflict,0.90,gaia,47,12379,1,28708,41087,48311,44435
WikiConflict,0.90,gaia,46,12379,1,28628,41007,48311,53440
WikiConflict,0.90,gaia,48,12379,1,28760,41139,48311,52277
WikiConflict,0.90,venus,2,12379,1,28402,40781,48311,36077
WikiConflict,0.90,venus,1,12379,1,28431,40810,48311,43760
WikiConflict,0.90,gaia,50,12379,1,28817,41196,48311,56404
WikiConflict,0.90,venus,4,12379,1,28200,40579,48311,44128
WikiConflict,0.90,gaia,43,12379,1,29180,41559,48311,114701
WikiConflict,0.90,gaia,49,12379,1,28859,41238,48311,78814
WikiConflict,0.90,venus,3,12379,1,28342,40721,48311,50342
WikiConflict,0.90,venus,9,12379,1,28340,40719,48311,38705
WikiConflict,0.90,venus,8,12379,1,28403,40782,48311,45050
WikiConflict,0.90,venus,6,12379,1,28328,40707,48311,58616
WikiConflict,0.90,venus,5,12379,1,28301,40680,48311,63539
WikiConflict,0.90,venus,10,12379,1,28297,40676,48311,47668
WikiConflict,0.90,venus,7,12379,1,28473,40852,48311,64301
WikiConflict,0.90,venus,12,12379,1,28628,41007,48311,45904
WikiConflict,0.90,venus,13,12379,1,28426,40805,48311,45229
WikiConflict,0.90,venus,11,12379,1,28373,40752,48311,52770
WikiConflict,0.90,venus,16,12379,1,28223,40602,48311,35601
WikiConflict,0.90,venus,17,12379,1,29034,41413,48311,37273
WikiConflict,0.90,venus,15,12379,1,28376,40755,48311,50853
WikiConflict,0.90,venus,14,12379,1,28257,40636,48311,64611
WikiConflict,0.90,venus,18,12379,1,28177,40556,48311,50203
WikiConflict,0.90,venus,23,12379,1,28826,41205,48311,33801
WikiConflict,0.90,venus,20,12379,1,28659,41038,48311,56471
WikiConflict,0.90,venus,27,12379,1,28495,40874,48311,30065
WikiConflict,0.90,venus,22,12379,1,28329,40708,48311,51189
WikiConflict,0.90,venus,25,12379,1,28353,40732,48311,37091
WikiConflict,0.90,venus,19,12379,1,28227,40606,48311,72183
WikiConflict,0.90,venus,26,12379,1,28195,40574,48311,47897
WikiConflict,0.90,venus,21,12379,1,28270,40649,48311,71488
WikiConflict,0.90,venus,28,12379,1,28186,40565,48311,48127
WikiConflict,0.90,venus,29,12379,1,28254,40633,48311,51066
WikiConflict,0.90,venus,32,12379,1,28423,40802,48311,37788
WikiConflict,0.90,venus,33,12379,1,28380,40759,48311,36435
WikiConflict,0.90,venus,31,12379,1,28465,40844,48311,40609
WikiConflict,0.90,venus,30,12379,1,28274,40653,48311,43934
WikiConflict,0.90,venus,35,12379,1,29189,41568,48311,39047
WikiConflict,0.90,venus,36,12379,1,28406,40785,48311,41614
WikiConflict,0.90,venus,34,12379,1,28436,40815,48311,51285
WikiConflict,0.90,venus,24,12379,1,28103,40482,48311,102870
WikiConflict,0.90,venus,39,12379,1,28394,40773,48311,38615
WikiConflict,0.90,venus,37,12379,1,28315,40694,48311,52990
WikiConflict,0.90,venus,38,12379,1,28223,40602,48311,48056
WikiConflict,0.90,venus,42,12379,1,28416,40795,48311,46281
WikiConflict,0.90,venus,46,12379,1,28455,40834,48311,34001
WikiConflict,0.90,venus,43,12379,1,28304,40683,48311,46852
WikiConflict,0.90,venus,40,12379,1,28191,40570,48311,65718
WikiConflict,0.90,venus,41,12379,1,28405,40784,48311,72120
WikiConflict,0.90,venus,45,12379,1,28252,40631,48311,53778
WikiConflict,0.90,venus,44,12379,1,28218,40597,48311,57616
WikiConflict,0.90,venus,50,12379,1,28282,40661,48311,40883
WikiConflict,0.90,venus,47,12379,1,28143,40522,48311,51637
WikiConflict,0.90,venus,49,12379,1,28230,40609,48311,45101
WikiConflict,0.90,venus,48,12379,1,28328,40707,48311,49490
WikiConflict,0.80,gaia,2,24600,1,9936,34536,48184,9258
WikiConflict,0.80,gaia,9,24600,1,9828,34428,48184,9788
WikiConflict,0.80,gaia,6,24600,1,9753,34353,48184,10341
WikiConflict,0.80,gaia,10,24600,1,9910,34510,48184,12211
WikiConflict,0.80,gaia,3,24600,1,9608,34208,48184,13099
WikiConflict,0.80,gaia,1,24600,1,9811,34411,48184,13352
WikiConflict,0.80,gaia,8,24600,1,9755,34355,48184,14051
WikiConflict,0.80,gaia,4,24600,1,9754,34354,48184,14881
WikiConflict,0.80,gaia,14,24600,1,9926,34526,48184,4372
WikiConflict,0.80,gaia,12,24600,1,10018,34618,48184,9390
WikiConflict,0.80,gaia,7,24600,1,9800,34400,48184,20322
WikiConflict,0.80,gaia,16,24600,1,9826,34426,48184,8243
WikiConflict,0.80,gaia,5,24600,1,9768,34368,48184,23144
WikiConflict,0.80,gaia,11,24600,1,9904,34504,48184,15226
WikiConflict,0.80,gaia,13,24600,1,9848,34448,48184,14919
WikiConflict,0.80,gaia,15,24600,1,9861,34461,48184,12765
WikiConflict,0.80,gaia,17,24600,1,9818,34418,48184,13474
WikiConflict,0.80,gaia,18,24600,1,9858,34458,48184,13370
WikiConflict,0.80,gaia,20,24600,1,9641,34241,48184,10756
WikiConflict,0.80,gaia,21,24600,1,9849,34449,48184,11143
WikiConflict,0.80,gaia,22,24600,1,9831,34431,48184,10466
WikiConflict,0.80,gaia,25,24600,1,9824,34424,48184,7389
WikiConflict,0.80,gaia,19,24600,1,9825,34425,48184,16257
WikiConflict,0.80,gaia,23,24600,1,9775,34375,48184,12502
WikiConflict,0.80,gaia,24,24600,1,9878,34478,48184,14857
WikiConflict,0.80,gaia,32,24600,1,9764,34364,48184,9607
WikiConflict,0.80,gaia,26,24600,1,9698,34298,48184,16844
WikiConflict,0.80,gaia,28,24600,1,9614,34214,48184,14882
WikiConflict,0.80,gaia,27,24600,1,9828,34428,48184,15689
WikiConflict,0.80,gaia,34,24600,1,9848,34448,48184,8548
WikiConflict,0.80,gaia,31,24600,1,9989,34589,48184,12409
WikiConflict,0.80,gaia,29,24600,1,9878,34478,48184,14814
WikiConflict,0.80,gaia,30,24600,1,9886,34486,48184,15910
WikiConflict,0.80,gaia,33,24600,1,9785,34385,48184,16385
WikiConflict,0.80,gaia,42,24600,1,9805,34405,48184,8217
WikiConflict,0.80,gaia,35,24600,1,9765,34365,48184,15634
WikiConflict,0.80,gaia,37,24600,1,9822,34422,48184,12617
WikiConflict,0.80,gaia,36,24600,1,9739,34339,48184,15123
WikiConflict,0.80,gaia,44,24600,1,9937,34537,48184,9388
WikiConflict,0.80,gaia,38,24600,1,9649,34249,48184,16040
WikiConflict,0.80,gaia,43,24600,1,9664,34264,48184,13188
WikiConflict,0.80,gaia,45,24600,1,9669,34269,48184,9097
WikiConflict,0.80,gaia,39,24600,1,9702,34302,48184,18973
WikiConflict,0.80,gaia,41,24600,1,9727,34327,48184,18093
WikiConflict,0.80,gaia,47,24600,1,9900,34500,48184,8179
WikiConflict,0.80,gaia,40,24600,1,9755,34355,48184,23134
WikiConflict,0.80,gaia,46,24600,1,9751,34351,48184,14452
WikiConflict,0.80,gaia,50,24600,1,9985,34585,48184,11121
WikiConflict,0.80,venus,2,24600,1,9477,34077,48184,8576
WikiConflict,0.80,venus,3,24600,1,9508,34108,48184,9502
WikiConflict,0.80,gaia,48,24600,1,9939,34539,48184,15941
WikiConflict,0.80,venus,4,24600,1,9470,34070,48184,10810
WikiConflict,0.80,venus,1,24600,1,9471,34071,48184,12868
WikiConflict,0.80,gaia,49,24600,1,9861,34461,48184,16887
WikiConflict,0.80,venus,5,24600,1,9497,34097,48184,12327
WikiConflict,0.80,venus,6,24600,1,9453,34053,48184,9606
WikiConflict,0.80,venus,10,24600,1,9532,34132,48184,7097
WikiConflict,0.80,venus,7,24600,1,9508,34108,48184,10827
WikiConflict,0.80,venus,8,24600,1,9339,33939,48184,10614
WikiConflict,0.80,venus,11,24600,1,9531,34131,48184,8666
WikiConflict,0.80,venus,9,24600,1,9514,34114,48184,11762
WikiConflict,0.80,venus,12,24600,1,9546,34146,48184,10613
WikiConflict,0.80,venus,15,24600,1,9508,34108,48184,8697
WikiConflict,0.80,venus,16,24600,1,9468,34068,48184,8564
WikiConflict,0.80,venus,13,24600,1,9552,34152,48184,13330
WikiConflict,0.80,venus,14,24600,1,9564,34164,48184,12116
WikiConflict,0.80,venus,18,24600,1,9409,34009,48184,10578
WikiConflict,0.80,venus,19,24600,1,9531,34131,48184,10609
WikiConflict,0.80,venus,21,24600,1,9462,34062,48184,10275
WikiConflict,0.80,venus,17,24600,1,9476,34076,48184,14435
WikiConflict,0.80,venus,23,24600,1,9543,34143,48184,8828
WikiConflict,0.80,venus,22,24600,1,9573,34173,48184,10569
WikiConflict,0.80,venus,25,24600,1,9627,34227,48184,7934
WikiConflict,0.80,venus,24,24600,1,9534,34134,48184,10491
WikiConflict,0.80,venus,20,24600,1,9415,34015,48184,15007
WikiConflict,0.80,venus,26,24600,1,9521,34121,48184,12484
WikiConflict,0.80,venus,30,24600,1,9468,34068,48184,8862
WikiConflict,0.80,venus,29,24600,1,9507,34107,48184,10938
WikiConflict,0.80,venus,28,24600,1,9457,34057,48184,12135
WikiConflict,0.80,venus,27,24600,1,9417,34017,48184,13043
WikiConflict,0.80,venus,34,24600,1,9542,34142,48184,8284
WikiConflict,0.80,venus,32,24600,1,9424,34024,48184,11929
WikiConflict,0.80,venus,33,24600,1,9483,34083,48184,13295
WikiConflict,0.80,venus,31,24600,1,9482,34082,48184,17065
WikiConflict,0.80,venus,37,24600,1,9598,34198,48184,8517
WikiConflict,0.80,venus,38,24600,1,9454,34054,48184,7533
WikiConflict,0.80,venus,35,24600,1,9584,34184,48184,15579
WikiConflict,0.80,venus,36,24600,1,9440,34040,48184,12721
WikiConflict,0.80,venus,39,24600,1,9453,34053,48184,9273
WikiConflict,0.80,venus,42,24600,1,9517,34117,48184,7151
WikiConflict,0.80,venus,40,24600,1,9482,34082,48184,10930
WikiConflict,0.80,venus,41,24600,1,9405,34005,48184,13934
WikiConflict,0.80,venus,45,24600,1,9551,34151,48184,8483
WikiConflict,0.80,venus,44,24600,1,9465,34065,48184,8689
WikiConflict,0.80,venus,43,24600,1,9535,34135,48184,11199
WikiConflict,0.80,venus,48,24600,1,9406,34006,48184,9900
WikiConflict,0.80,venus,46,24600,1,9438,34038,48184,11934
WikiConflict,0.80,venus,50,24600,1,9430,34030,48184,9690
WikiConflict,0.80,venus,49,24600,1,9435,34035,48184,12179
WikiConflict,0.80,venus,47,24600,1,9443,34043,48184,13035
WikiConflict,0.70,gaia,10,31453,1,2744,34197,49289,1100
WikiConflict,0.70,gaia,2,31453,1,2824,34277,49289,1304
WikiConflict,0.70,gaia,5,31453,1,2790,34243,49289,1922
WikiConflict,0.70,gaia,8,31453,1,2729,34182,49289,2194
WikiConflict,0.70,gaia,4,31453,1,2773,34226,49289,2358
WikiConflict,0.70,gaia,7,31453,1,2807,34260,49289,2610
WikiConflict,0.70,gaia,1,31453,1,2753,34206,49289,3275
WikiConflict,0.70,gaia,9,31453,1,2781,34234,49289,3311
WikiConflict,0.70,gaia,14,31453,1,2761,34214,49289,1429
WikiConflict,0.70,gaia,11,31453,1,2806,34259,49289,3052
WikiConflict,0.70,gaia,6,31453,1,2711,34164,49289,4163
WikiConflict,0.70,gaia,16,31453,1,2836,34289,49289,1737
WikiConflict,0.70,gaia,3,31453,1,2724,34177,49289,4577
WikiConflict,0.70,gaia,13,31453,1,2716,34169,49289,3405
WikiConflict,0.70,gaia,12,31453,1,2686,34139,49289,4208
WikiConflict,0.70,gaia,15,31453,1,2709,34162,49289,3330
WikiConflict,0.70,gaia,23,31453,1,2791,34244,49289,1844
WikiConflict,0.70,gaia,22,31453,1,2776,34229,49289,2547
WikiConflict,0.70,gaia,20,31453,1,2762,34215,49289,2992
WikiConflict,0.70,gaia,18,31453,1,2706,34159,49289,3998
WikiConflict,0.70,gaia,21,31453,1,2747,34200,49289,3238
WikiConflict,0.70,gaia,19,31453,1,2736,34189,49289,3831
WikiConflict,0.70,gaia,26,31453,1,2771,34224,49289,2020
WikiConflict,0.70,gaia,17,31453,1,2743,34196,49289,4522
WikiConflict,0.70,gaia,27,31453,1,2827,34280,49289,2081
WikiConflict,0.70,gaia,29,31453,1,2734,34187,49289,1537
WikiConflict,0.70,gaia,25,31453,1,2759,34212,49289,3249
WikiConflict,0.70,gaia,24,31453,1,2776,34229,49289,3887
WikiConflict,0.70,gaia,28,31453,1,2767,34220,49289,2529
WikiConflict,0.70,gaia,31,31453,1,2840,34293,49289,2092
WikiConflict,0.70,gaia,30,31453,1,2822,34275,49289,2395
WikiConflict,0.70,gaia,34,31453,1,2774,34227,49289,2485
WikiConflict,0.70,gaia,36,31453,1,2752,34205,49289,1827
WikiConflict,0.70,gaia,32,31453,1,2710,34163,49289,3228
WikiConflict,0.70,gaia,41,31453,1,2840,34293,49289,1989
WikiConflict,0.70,gaia,33,31453,1,2752,34205,49289,4018
WikiConflict,0.70,gaia,39,31453,1,2788,34241,49289,2895
WikiConflict,0.70,gaia,35,31453,1,2714,34167,49289,3884
WikiConflict,0.70,gaia,40,31453,1,2803,34256,49289,3063
WikiConflict,0.70,gaia,42,31453,1,2886,34339,49289,2280
WikiConflict,0.70,gaia,37,31453,1,2799,34252,49289,4052
WikiConflict,0.70,gaia,38,31453,1,2771,34224,49289,4074
WikiConflict,0.70,gaia,45,31453,1,2803,34256,49289,1819
WikiConflict,0.70,gaia,47,31453,1,2874,34327,49289,1377
WikiConflict,0.70,gaia,43,31453,1,2827,34280,49289,3290
WikiConflict,0.70,gaia,44,31453,1,2754,34207,49289,4026
WikiConflict,0.70,gaia,50,31453,1,2767,34220,49289,2379
WikiConflict,0.70,gaia,49,31453,1,2750,34203,49289,2671
WikiConflict,0.70,gaia,48,31453,1,2740,34193,49289,2898
WikiConflict,0.70,gaia,46,31453,1,2714,34167,49289,3582
WikiConflict,0.70,venus,3,31453,1,2703,34156,49289,2126
WikiConflict,0.70,venus,2,31453,1,2692,34145,49289,2515
WikiConflict,0.70,venus,4,31453,1,2663,34116,49289,2904
WikiConflict,0.70,venus,1,31453,1,2655,34108,49289,3814
WikiConflict,0.70,venus,5,31453,1,2675,34128,49289,3039
WikiConflict,0.70,venus,9,31453,1,2673,34126,49289,1675
WikiConflict,0.70,venus,11,31453,1,2704,34157,49289,1963
WikiConflict,0.70,venus,12,31453,1,2681,34134,49289,2319
WikiConflict,0.70,venus,6,31453,1,2662,34115,49289,3740
WikiConflict,0.70,venus,10,31453,1,2731,34184,49289,3165
WikiConflict,0.70,venus,7,31453,1,2726,34179,49289,3534
WikiConflict,0.70,venus,8,31453,1,2692,34145,49289,3292
WikiConflict,0.70,venus,13,31453,1,2707,34160,49289,2533
WikiConflict,0.70,venus,15,31453,1,2709,34162,49289,2598
WikiConflict,0.70,venus,14,31453,1,2668,34121,49289,3317
WikiConflict,0.70,venus,17,31453,1,2719,34172,49289,2797
WikiConflict,0.70,venus,18,31453,1,2710,34163,49289,2308
WikiConflict,0.70,venus,16,31453,1,2716,34169,49289,3484
WikiConflict,0.70,venus,19,31453,1,2753,34206,49289,2212
WikiConflict,0.70,venus,20,31453,1,2673,34126,49289,2479
WikiConflict,0.70,venus,24,31453,1,2741,34194,49289,2294
WikiConflict,0.70,venus,25,31453,1,2675,34128,49289,1939
WikiConflict,0.70,venus,21,31453,1,2730,34183,49289,3434
WikiConflict,0.70,venus,22,31453,1,2721,34174,49289,3402
WikiConflict,0.70,venus,23,31453,1,2725,34178,49289,3215
WikiConflict,0.70,venus,28,31453,1,2684,34137,49289,2197
WikiConflict,0.70,venus,26,31453,1,2722,34175,49289,2799
WikiConflict,0.70,venus,31,31453,1,2744,34197,49289,1662
WikiConflict,0.70,venus,29,31453,1,2677,34130,49289,2752
WikiConflict,0.70,venus,30,31453,1,2723,34176,49289,2537
WikiConflict,0.70,venus,32,31453,1,2632,34085,49289,2537
WikiConflict,0.70,venus,33,31453,1,2688,34141,49289,2830
WikiConflict,0.70,venus,27,31453,1,2681,34134,49289,4405
WikiConflict,0.70,venus,34,31453,1,2664,34117,49289,3241
WikiConflict,0.70,venus,36,31453,1,2654,34107,49289,2779
WikiConflict,0.70,venus,39,31453,1,2730,34183,49289,2018
WikiConflict,0.70,venus,37,31453,1,2685,34138,49289,2620
WikiConflict,0.70,venus,40,31453,1,2712,34165,49289,2460
WikiConflict,0.70,venus,38,31453,1,2663,34116,49289,2810
WikiConflict,0.70,venus,35,31453,1,2686,34139,49289,4109
WikiConflict,0.70,venus,43,31453,1,2676,34129,49289,2225
WikiConflict,0.70,venus,42,31453,1,2677,34130,49289,2873
WikiConflict,0.70,venus,45,31453,1,2720,34173,49289,2730
WikiConflict,0.70,venus,41,31453,1,2696,34149,49289,3798
WikiConflict,0.70,venus,46,31453,1,2614,34067,49289,2857
WikiConflict,0.70,venus,47,31453,1,2657,34110,49289,2797
WikiConflict,0.70,venus,50,31453,1,2690,34143,49289,2753
WikiConflict,0.70,venus,44,31453,1,2664,34117,49289,4236
WikiConflict,0.70,venus,48,31453,1,2682,34135,49289,3564
WikiConflict,0.70,venus,49,31453,1,2693,34146,49289,4207
WikiConflict,0.60,gaia,2,35402,0,0,35402,48783,0
WikiConflict,0.60,gaia,7,35402,0,0,35402,48783,0
WikiConflict,0.60,gaia,3,35402,0,0,35402,48783,0
WikiConflict,0.60,gaia,1,35402,0,0,35402,48783,0
WikiConflict,0.60,gaia,6,35402,0,0,35402,48783,0
WikiConflict,0.60,gaia,4,35402,0,0,35402,48783,0
WikiConflict,0.60,gaia,5,35402,0,0,35402,48783,0
WikiConflict,0.60,gaia,9,35402,0,0,35402,48783,0
WikiConflict,0.60,gaia,10,35402,0,0,35402,48783,0
WikiConflict,0.60,gaia,8,35402,0,0,35402,48783,0
WikiConflict,0.60,gaia,11,35402,0,0,35402,48783,0
WikiConflict,0.60,gaia,12,35402,0,0,35402,48783,0
WikiConflict,0.60,gaia,13,35402,0,0,35402,48783,0
WikiConflict,0.60,gaia,14,35402,0,0,35402,48783,0
WikiConflict,0.60,gaia,15,35402,0,0,35402,48783,0
WikiConflict,0.60,gaia,16,35402,0,0,35402,48783,0
WikiConflict,0.60,gaia,19,35402,0,0,35402,48783,0
WikiConflict,0.60,gaia,17,35402,0,0,35402,48783,0
WikiConflict,0.60,gaia,18,35402,0,0,35402,48783,0
WikiConflict,0.60,gaia,20,35402,0,0,35402,48783,0
WikiConflict,0.60,gaia,21,35402,0,0,35402,48783,0
WikiConflict,0.60,gaia,22,35402,0,0,35402,48783,0
WikiConflict,0.60,gaia,24,35402,0,0,35402,48783,0
WikiConflict,0.60,gaia,23,35402,0,0,35402,48783,0
WikiConflict,0.60,gaia,26,35402,0,0,35402,48783,0
WikiConflict,0.60,gaia,25,35402,0,0,35402,48783,0
WikiConflict,0.60,gaia,27,35402,0,0,35402,48783,0
WikiConflict,0.60,gaia,28,35402,0,0,35402,48783,0
WikiConflict,0.60,gaia,29,35402,0,0,35402,48783,0
WikiConflict,0.60,gaia,32,35402,0,0,35402,48783,0
WikiConflict,0.60,gaia,30,35402,0,0,35402,48783,0
WikiConflict,0.60,gaia,33,35402,0,0,35402,48783,0
WikiConflict,0.60,gaia,34,35402,0,0,35402,48783,0
WikiConflict,0.60,gaia,31,35402,0,0,35402,48783,0
WikiConflict,0.60,gaia,35,35402,0,0,35402,48783,0
WikiConflict,0.60,gaia,36,35402,0,0,35402,48783,0
WikiConflict,0.60,gaia,37,35402,0,0,35402,48783,0
WikiConflict,0.60,gaia,40,35402,0,0,35402,48783,0
WikiConflict,0.60,gaia,39,35402,0,0,35402,48783,0
WikiConflict,0.60,gaia,38,35402,0,0,35402,48783,0
WikiConflict,0.60,gaia,41,35402,0,0,35402,48783,0
WikiConflict,0.60,gaia,42,35402,0,0,35402,48783,0
WikiConflict,0.60,gaia,43,35402,0,0,35402,48783,0
WikiConflict,0.60,gaia,45,35402,0,0,35402,48783,0
WikiConflict,0.60,gaia,44,35402,0,0,35402,48783,0
WikiConflict,0.60,gaia,47,35402,0,0,35402,48783,0
WikiConflict,0.60,gaia,48,35402,0,0,35402,48783,0
WikiConflict,0.60,gaia,46,35402,0,0,35402,48783,0
WikiConflict,0.60,gaia,49,35402,0,0,35402,48783,0
WikiConflict,0.60,gaia,50,35402,0,0,35402,48783,0
WikiConflict,0.60,venus,1,35402,0,0,35402,48783,0
WikiConflict,0.60,venus,3,35402,0,0,35402,48783,0
WikiConflict,0.60,venus,2,35402,0,0,35402,48783,0
WikiConflict,0.60,venus,4,35402,0,0,35402,48783,0
WikiConflict,0.60,venus,8,35402,0,0,35402,48783,0
WikiConflict,0.60,venus,6,35402,0,0,35402,48783,0
WikiConflict,0.60,venus,5,35402,0,0,35402,48783,0
WikiConflict,0.60,venus,7,35402,0,0,35402,48783,0
WikiConflict,0.60,venus,9,35402,0,0,35402,48783,0
WikiConflict,0.60,venus,10,35402,0,0,35402,48783,0
WikiConflict,0.60,venus,12,35402,0,0,35402,48783,0
WikiConflict,0.60,venus,13,35402,0,0,35402,48783,0
WikiConflict,0.60,venus,11,35402,0,0,35402,48783,0
WikiConflict,0.60,venus,14,35402,0,0,35402,48783,0
WikiConflict,0.60,venus,15,35402,0,0,35402,48783,0
WikiConflict,0.60,venus,16,35402,0,0,35402,48783,0
WikiConflict,0.60,venus,18,35402,0,0,35402,48783,0
WikiConflict,0.60,venus,17,35402,0,0,35402,48783,0
WikiConflict,0.60,venus,19,35402,0,0,35402,48783,0
WikiConflict,0.60,venus,22,35402,0,0,35402,48783,0
WikiConflict,0.60,venus,20,35402,0,0,35402,48783,0
WikiConflict,0.60,venus,21,35402,0,0,35402,48783,0
WikiConflict,0.60,venus,23,35402,0,0,35402,48783,0
WikiConflict,0.60,venus,26,35402,0,0,35402,48783,0
WikiConflict,0.60,venus,24,35402,0,0,35402,48783,0
WikiConflict,0.60,venus,25,35402,0,0,35402,48783,0
WikiConflict,0.60,venus,27,35402,0,0,35402,48783,0
WikiConflict,0.60,venus,28,35402,0,0,35402,48783,0
WikiConflict,0.60,venus,29,35402,0,0,35402,48783,0
WikiConflict,0.60,venus,30,35402,0,0,35402,48783,0
WikiConflict,0.60,venus,32,35402,0,0,35402,48783,0
WikiConflict,0.60,venus,31,35402,0,0,35402,48783,0
WikiConflict,0.60,venus,33,35402,0,0,35402,48783,0
WikiConflict,0.60,venus,35,35402,0,0,35402,48783,0
WikiConflict,0.60,venus,36,35402,0,0,35402,48783,0
WikiConflict,0.60,venus,34,35402,0,0,35402,48783,0
WikiConflict,0.60,venus,37,35402,0,0,35402,48783,0
WikiConflict,0.60,venus,39,35402,0,0,35402,48783,0
WikiConflict,0.60,venus,38,35402,0,0,35402,48783,0
WikiConflict,0.60,venus,40,35402,0,0,35402,48783,0
WikiConflict,0.60,venus,42,35402,0,0,35402,48783,0
WikiConflict,0.60,venus,41,35402,0,0,35402,48783,0
WikiConflict,0.60,venus,44,35402,0,0,35402,48783,0
WikiConflict,0.60,venus,45,35402,0,0,35402,48783,0
WikiConflict,0.60,venus,46,35402,0,0,35402,48783,0
WikiConflict,0.60,venus,43,35402,0,0,35402,48783,0
WikiConflict,0.60,venus,47,35402,0,0,35402,48783,0
WikiConflict,0.60,venus,49,35402,0,0,35402,48783,0
WikiConflict,0.60,venus,48,35402,0,0,35402,48783,0
WikiConflict,0.60,venus,50,35402,0,0,35402,48783,0
WikiConflict,0.50,gaia,7,35402,0,0,35402,49637,0
WikiConflict,0.50,gaia,2,35402,0,0,35402,49637,0
WikiConflict,0.50,gaia,10,35402,0,0,35402,49637,0
WikiConflict,0.50,gaia,4,35402,0,0,35402,49637,0
WikiConflict,0.50,gaia,6,35402,0,0,35402,49637,0
WikiConflict,0.50,gaia,5,35402,0,0,35402,49637,0
WikiConflict,0.50,gaia,3,35402,0,0,35402,49637,0
WikiConflict,0.50,gaia,1,35402,0,0,35402,49637,0
WikiConflict,0.50,gaia,9,35402,0,0,35402,49637,0
WikiConflict,0.50,gaia,8,35402,0,0,35402,49637,0
WikiConflict,0.50,gaia,11,35402,0,0,35402,49637,0
WikiConflict,0.50,gaia,12,35402,0,0,35402,49637,0
WikiConflict,0.50,gaia,14,35402,0,0,35402,49637,0
WikiConflict,0.50,gaia,15,35402,0,0,35402,49637,0
WikiConflict,0.50,gaia,13,35402,0,0,35402,49637,0
WikiConflict,0.50,gaia,16,35402,0,0,35402,49637,0
WikiConflict,0.50,gaia,18,35402,0,0,35402,49637,0
WikiConflict,0.50,gaia,17,35402,0,0,35402,49637,0
WikiConflict,0.50,gaia,20,35402,0,0,35402,49637,0
WikiConflict,0.50,gaia,19,35402,0,0,35402,49637,0
WikiConflict,0.50,gaia,21,35402,0,0,35402,49637,0
WikiConflict,0.50,gaia,23,35402,0,0,35402,49637,0
WikiConflict,0.50,gaia,22,35402,0,0,35402,49637,0
WikiConflict,0.50,gaia,24,35402,0,0,35402,49637,0
WikiConflict,0.50,gaia,25,35402,0,0,35402,49637,0
WikiConflict,0.50,gaia,26,35402,0,0,35402,49637,0
WikiConflict,0.50,gaia,27,35402,0,0,35402,49637,0
WikiConflict,0.50,gaia,29,35402,0,0,35402,49637,0
WikiConflict,0.50,gaia,30,35402,0,0,35402,49637,0
WikiConflict,0.50,gaia,28,35402,0,0,35402,49637,0
WikiConflict,0.50,gaia,31,35402,0,0,35402,49637,0
WikiConflict,0.50,gaia,32,35402,0,0,35402,49637,0
WikiConflict,0.50,gaia,33,35402,0,0,35402,49637,0
WikiConflict,0.50,gaia,34,35402,0,0,35402,49637,0
WikiConflict,0.50,gaia,36,35402,0,0,35402,49637,0
WikiConflict,0.50,gaia,35,35402,0,0,35402,49637,0
WikiConflict,0.50,gaia,38,35402,0,0,35402,49637,0
WikiConflict,0.50,gaia,39,35402,0,0,35402,49637,0
WikiConflict,0.50,gaia,37,35402,0,0,35402,49637,0
WikiConflict,0.50,gaia,40,35402,0,0,35402,49637,0
WikiConflict,0.50,gaia,41,35402,0,0,35402,49637,0
WikiConflict,0.50,gaia,43,35402,0,0,35402,49637,0
WikiConflict,0.50,gaia,45,35402,0,0,35402,49637,0
WikiConflict,0.50,gaia,47,35402,0,0,35402,49637,0
WikiConflict,0.50,gaia,42,35402,0,0,35402,49637,0
WikiConflict,0.50,gaia,44,35402,0,0,35402,49637,0
WikiConflict,0.50,gaia,46,35402,0,0,35402,49637,0
WikiConflict,0.50,gaia,48,35402,0,0,35402,49637,0
WikiConflict,0.50,gaia,49,35402,0,0,35402,49637,0
WikiConflict,0.50,gaia,50,35402,0,0,35402,49637,0
WikiConflict,0.50,venus,1,35402,0,0,35402,49637,0
WikiConflict,0.50,venus,2,35402,0,0,35402,49637,0
WikiConflict,0.50,venus,3,35402,0,0,35402,49637,0
WikiConflict,0.50,venus,5,35402,0,0,35402,49637,0
WikiConflict,0.50,venus,6,35402,0,0,35402,49637,0
WikiConflict,0.50,venus,4,35402,0,0,35402,49637,0
WikiConflict,0.50,venus,7,35402,0,0,35402,49637,0
WikiConflict,0.50,venus,9,35402,0,0,35402,49637,0
WikiConflict,0.50,venus,8,35402,0,0,35402,49637,0
WikiConflict,0.50,venus,11,35402,0,0,35402,49637,0
WikiConflict,0.50,venus,10,35402,0,0,35402,49637,0
WikiConflict,0.50,venus,12,35402,0,0,35402,49637,0
WikiConflict,0.50,venus,14,35402,0,0,35402,49637,0
WikiConflict,0.50,venus,15,35402,0,0,35402,49637,0
WikiConflict,0.50,venus,13,35402,0,0,35402,49637,0
WikiConflict,0.50,venus,16,35402,0,0,35402,49637,0
WikiConflict,0.50,venus,18,35402,0,0,35402,49637,0
WikiConflict,0.50,venus,17,35402,0,0,35402,49637,0
WikiConflict,0.50,venus,19,35402,0,0,35402,49637,0
WikiConflict,0.50,venus,20,35402,0,0,35402,49637,0
WikiConflict,0.50,venus,21,35402,0,0,35402,49637,0
WikiConflict,0.50,venus,22,35402,0,0,35402,49637,0
WikiConflict,0.50,venus,23,35402,0,0,35402,49637,0
WikiConflict,0.50,venus,24,35402,0,0,35402,49637,0
WikiConflict,0.50,venus,26,35402,0,0,35402,49637,0
WikiConflict,0.50,venus,27,35402,0,0,35402,49637,0
WikiConflict,0.50,venus,29,35402,0,0,35402,49637,0
WikiConflict,0.50,venus,25,35402,0,0,35402,49637,0
WikiConflict,0.50,venus,28,35402,0,0,35402,49637,0
WikiConflict,0.50,venus,30,35402,0,0,35402,49637,0
WikiConflict,0.50,venus,32,35402,0,0,35402,49637,0
WikiConflict,0.50,venus,34,35402,0,0,35402,49637,0
WikiConflict,0.50,venus,33,35402,0,0,35402,49637,0
WikiConflict,0.50,venus,31,35402,0,0,35402,49637,0
WikiConflict,0.50,venus,35,35402,0,0,35402,49637,0
WikiConflict,0.50,venus,36,35402,0,0,35402,49637,0
WikiConflict,0.50,venus,39,35402,0,0,35402,49637,0
WikiConflict,0.50,venus,38,35402,0,0,35402,49637,0
WikiConflict,0.50,venus,37,35402,0,0,35402,49637,0
WikiConflict,0.50,venus,40,35402,0,0,35402,49637,0
WikiConflict,0.50,venus,41,35402,0,0,35402,49637,0
WikiConflict,0.50,venus,42,35402,0,0,35402,49637,0
WikiConflict,0.50,venus,44,35402,0,0,35402,49637,0
WikiConflict,0.50,venus,45,35402,0,0,35402,49637,0
WikiConflict,0.50,venus,43,35402,0,0,35402,49637,0
WikiConflict,0.50,venus,46,35402,0,0,35402,49637,0
WikiConflict,0.50,venus,47,35402,0,0,35402,49637,0
WikiConflict,0.50,venus,48,35402,0,0,35402,49637,0
WikiConflict,0.50,venus,50,35402,0,0,35402,49637,0
WikiConflict,0.50,venus,49,35402,0,0,35402,49637,0
